{"0": {"Input": 2000, "Output": 0, "I/Os": 2000, "time": 1.0037312507629395}, "1": {"Input": 2000, "Output": 0, "I/Os": 2000, "time": 0.9946877956390381}, "2": {"Input": 2000, "Output": 0, "I/Os": 2000, "time": 0.9927773475646973}, "3": {"Input": 2000, "Output": 1, "I/Os": 2001, "time": 0.9844858646392822}, "4": {"Input": 2000, "Output": 0, "I/Os": 2000, "time": 0.9933645725250244}, "5": {"Input": 2000, "Output": 0, "I/Os": 2000, "time": 0.9918560981750488}, "6": {"Input": 2000, "Output": 0, "I/Os": 2000, "time": 1.0004701614379883}, "7": {"Input": 2000, "Output": 0, "I/Os": 2000, "time": 0.9850754737854004}, "8": {"Input": 2000, "Output": 0, "I/Os": 2000, "time": 0.9804625511169434}, "9": {"Input": 2000, "Output": 0, "I/Os": 2000, "time": 1.019585132598877}}