{"0": {"Input": 2000, "Output": 3, "I/Os": 2003, "time": 1374.83798289299}, "1": {"Input": 2000, "Output": 2, "I/Os": 2002, "time": 1368.476027727127}, "2": {"Input": 2000, "Output": 3, "I/Os": 2003, "time": 1386.0334436893463}, "3": {"Input": 2000, "Output": 2, "I/Os": 2002, "time": 1391.8907370567322}, "4": {"Input": 2000, "Output": 3, "I/Os": 2003, "time": 1371.6893210411072}, "5": {"Input": 2000, "Output": 2, "I/Os": 2002, "time": 1387.7971527576447}, "6": {"Input": 2000, "Output": 2, "I/Os": 2002, "time": 1375.6536061763763}, "7": {"Input": 2000, "Output": 3, "I/Os": 2003, "time": 1442.014575958252}, "8": {"Input": 2000, "Output": 2, "I/Os": 2002, "time": 1496.707082748413}, "9": {"Input": 2000, "Output": 3, "I/Os": 2003, "time": 2093.236090660095}}