{"0": {"Input": 2000, "Output": 0, "I/Os": 2000, "time": 0.20852375030517578}, "1": {"Input": 2000, "Output": 0, "I/Os": 2000, "time": 0.2049088478088379}, "2": {"Input": 2000, "Output": 0, "I/Os": 2000, "time": 0.22205567359924316}, "3": {"Input": 2000, "Output": 0, "I/Os": 2000, "time": 0.2048325538635254}, "4": {"Input": 2000, "Output": 0, "I/Os": 2000, "time": 0.20603227615356445}, "5": {"Input": 2000, "Output": 0, "I/Os": 2000, "time": 0.20320987701416016}, "6": {"Input": 2000, "Output": 0, "I/Os": 2000, "time": 0.2048797607421875}, "7": {"Input": 2000, "Output": 0, "I/Os": 2000, "time": 0.20718812942504883}, "8": {"Input": 2000, "Output": 0, "I/Os": 2000, "time": 0.20651030540466309}, "9": {"Input": 2000, "Output": 0, "I/Os": 2000, "time": 0.20536088943481445}}