{"0": {"Input": 2099, "Output": 0, "I/Os": 2099, "time": 0.017270803451538086}, "1": {"Input": 2100, "Output": 0, "I/Os": 2100, "time": 0.017570972442626953}, "2": {"Input": 2100, "Output": 0, "I/Os": 2100, "time": 0.017421483993530273}, "3": {"Input": 2100, "Output": 1, "I/Os": 2101, "time": 0.019826650619506836}, "4": {"Input": 2100, "Output": 1, "I/Os": 2101, "time": 0.02323150634765625}, "5": {"Input": 2100, "Output": 0, "I/Os": 2100, "time": 0.018030405044555664}, "6": {"Input": 2100, "Output": 0, "I/Os": 2100, "time": 0.019931554794311523}, "7": {"Input": 2100, "Output": 0, "I/Os": 2100, "time": 0.049973487854003906}, "8": {"Input": 2100, "Output": 1, "I/Os": 2101, "time": 0.025098562240600586}, "9": {"Input": 2099, "Output": 0, "I/Os": 2099, "time": 0.0206601619720459}}