{"0": {"Input": 2000, "Output": 0, "I/Os": 2000, "time": 0.1896059513092041}, "1": {"Input": 2000, "Output": 0, "I/Os": 2000, "time": 0.19135475158691406}, "2": {"Input": 2000, "Output": 0, "I/Os": 2000, "time": 0.19516777992248535}, "3": {"Input": 2000, "Output": 0, "I/Os": 2000, "time": 0.18991327285766602}, "4": {"Input": 2000, "Output": 0, "I/Os": 2000, "time": 0.19160723686218262}, "5": {"Input": 2000, "Output": 0, "I/Os": 2000, "time": 0.19033503532409668}, "6": {"Input": 2000, "Output": 0, "I/Os": 2000, "time": 0.19091200828552246}, "7": {"Input": 2000, "Output": 0, "I/Os": 2000, "time": 0.1945326328277588}, "8": {"Input": 2000, "Output": 0, "I/Os": 2000, "time": 0.1905379295349121}, "9": {"Input": 2000, "Output": 0, "I/Os": 2000, "time": 0.19067811965942383}}