{
    "0": {
        "Input": 2000,
        "Output": 1,
        "I/Os": 2001,
        "time": 147.50460839271545
    },
    "1": {
        "Input": 2000,
        "Output": 1,
        "I/Os": 2001,
        "time": 144.79888319969177
    },
    "2": {
        "Input": 2000,
        "Output": 1,
        "I/Os": 2001,
        "time": 144.46087741851807
    },
    "3": {
        "Input": 2000,
        "Output": 1,
        "I/Os": 2001,
        "time": 145.42789149284363
    },
    "4": {
        "Input": 2000,
        "Output": 1,
        "I/Os": 2001,
        "time": 148.2304573059082
    },
    "5": {
        "Input": 2000,
        "Output": 1,
        "I/Os": 2001,
        "time": 151.7388834953308
    },
    "6": {
        "Input": 2000,
        "Output": 1,
        "I/Os": 2001,
        "time": 153.00869870185852
    },
    "7": {
        "Input": 2000,
        "Output": 1,
        "I/Os": 2001,
        "time": 151.7938346862793
    },
    "8": {
        "Input": 2000,
        "Output": 1,
        "I/Os": 2001,
        "time": 149.98292779922485
    },
    "9": {
        "Input": 2000,
        "Output": 1,
        "I/Os": 2001,
        "time": 150.7601945400238
    }
}