{"0": {"Input": 2000, "Output": 1, "I/Os": 2001, "time": 0.46494483947753906}, "1": {"Input": 2000, "Output": 1, "I/Os": 2001, "time": 0.5184836387634277}, "2": {"Input": 2000, "Output": 1, "I/Os": 2001, "time": 0.4610919952392578}, "3": {"Input": 2000, "Output": 1, "I/Os": 2001, "time": 0.49355244636535645}, "4": {"Input": 2000, "Output": 1, "I/Os": 2001, "time": 0.5597193241119385}, "5": {"Input": 2000, "Output": 0, "I/Os": 2000, "time": 0.5320417881011963}, "6": {"Input": 2000, "Output": 1, "I/Os": 2001, "time": 0.4807441234588623}, "7": {"Input": 2000, "Output": 1, "I/Os": 2001, "time": 0.4689497947692871}, "8": {"Input": 2000, "Output": 0, "I/Os": 2000, "time": 0.46729445457458496}, "9": {"Input": 2000, "Output": 1, "I/Os": 2001, "time": 0.48549985885620117}}