{"0": {"Input": 101960, "Output": 3, "I/Os": 101963, "time": 4.776075839996338}, "1": {"Input": 101953, "Output": 2, "I/Os": 101955, "time": 4.493163347244263}, "2": {"Input": 101943, "Output": 2, "I/Os": 101945, "time": 4.784026622772217}, "3": {"Input": 101959, "Output": 3, "I/Os": 101962, "time": 4.659263849258423}, "4": {"Input": 101953, "Output": 3, "I/Os": 101956, "time": 4.553445339202881}, "5": {"Input": 101961, "Output": 3, "I/Os": 101964, "time": 4.432490348815918}, "6": {"Input": 101947, "Output": 2, "I/Os": 101949, "time": 4.660445213317871}, "7": {"Input": 101949, "Output": 2, "I/Os": 101951, "time": 4.710854768753052}, "8": {"Input": 101966, "Output": 2, "I/Os": 101968, "time": 4.693021297454834}, "9": {"Input": 101952, "Output": 3, "I/Os": 101955, "time": 4.613136529922485}}