{
    "0": {
        "Input": 199512,
        "Output": 1,
        "I/Os": 199513,
        "time": 1.1509368419647217
    },
    "1": {
        "Input": 199466,
        "Output": 1,
        "I/Os": 199467,
        "time": 1.1242973804473877
    },
    "2": {
        "Input": 199526,
        "Output": 1,
        "I/Os": 199527,
        "time": 1.2708323001861572
    },
    "3": {
        "Input": 199488,
        "Output": 1,
        "I/Os": 199489,
        "time": 1.2102878093719482
    },
    "4": {
        "Input": 199500,
        "Output": 1,
        "I/Os": 199501,
        "time": 1.3063957691192627
    },
    "5": {
        "Input": 199532,
        "Output": 1,
        "I/Os": 199533,
        "time": 1.1982083320617676
    },
    "6": {
        "Input": 199495,
        "Output": 1,
        "I/Os": 199496,
        "time": 1.4074349403381348
    },
    "7": {
        "Input": 199495,
        "Output": 1,
        "I/Os": 199496,
        "time": 1.2573132514953613
    },
    "8": {
        "Input": 199480,
        "Output": 1,
        "I/Os": 199481,
        "time": 1.2902657985687256
    },
    "9": {
        "Input": 199466,
        "Output": 1,
        "I/Os": 199467,
        "time": 1.2916467189788818
    }
}