{"0": {"Input": 2000, "Output": 3, "I/Os": 2003, "time": 2.8351128101348877}, "1": {"Input": 2000, "Output": 3, "I/Os": 2003, "time": 2.9985275268554688}, "2": {"Input": 2000, "Output": 3, "I/Os": 2003, "time": 2.7428178787231445}, "3": {"Input": 2000, "Output": 3, "I/Os": 2003, "time": 2.741495132446289}, "4": {"Input": 2000, "Output": 3, "I/Os": 2003, "time": 2.7260868549346924}, "5": {"Input": 2000, "Output": 2, "I/Os": 2002, "time": 2.7681844234466553}, "6": {"Input": 2000, "Output": 3, "I/Os": 2003, "time": 2.725903272628784}, "7": {"Input": 2000, "Output": 3, "I/Os": 2003, "time": 2.7276134490966797}, "8": {"Input": 2000, "Output": 2, "I/Os": 2002, "time": 2.745349645614624}, "9": {"Input": 2000, "Output": 3, "I/Os": 2003, "time": 2.7090659141540527}}