{"0": {"Input": 2000, "Output": 1, "I/Os": 2001, "time": 14.947397470474243}, "1": {"Input": 2000, "Output": 1, "I/Os": 2001, "time": 15.16968584060669}, "2": {"Input": 2000, "Output": 0, "I/Os": 2000, "time": 13.99584436416626}, "3": {"Input": 2000, "Output": 1, "I/Os": 2001, "time": 13.97765564918518}, "4": {"Input": 2000, "Output": 1, "I/Os": 2001, "time": 14.02658486366272}, "5": {"Input": 2000, "Output": 0, "I/Os": 2000, "time": 14.06162977218628}, "6": {"Input": 2000, "Output": 1, "I/Os": 2001, "time": 14.080435514450073}, "7": {"Input": 2000, "Output": 1, "I/Os": 2001, "time": 13.965529203414917}, "8": {"Input": 2000, "Output": 0, "I/Os": 2000, "time": 13.985243082046509}, "9": {"Input": 2000, "Output": 0, "I/Os": 2000, "time": 14.010773420333862}}