{"0": {"Input": 2000, "Output": 0, "I/Os": 2000, "time": 0.4943997859954834}, "1": {"Input": 2000, "Output": 0, "I/Os": 2000, "time": 0.547816276550293}, "2": {"Input": 2000, "Output": 1, "I/Os": 2001, "time": 0.5282762050628662}, "3": {"Input": 2000, "Output": 0, "I/Os": 2000, "time": 0.5192470550537109}, "4": {"Input": 2000, "Output": 0, "I/Os": 2000, "time": 0.541825532913208}, "5": {"Input": 2000, "Output": 0, "I/Os": 2000, "time": 0.5365939140319824}, "6": {"Input": 2000, "Output": 0, "I/Os": 2000, "time": 0.5544731616973877}, "7": {"Input": 2000, "Output": 0, "I/Os": 2000, "time": 0.5910477638244629}, "8": {"Input": 2000, "Output": 0, "I/Os": 2000, "time": 0.5976593494415283}, "9": {"Input": 2000, "Output": 0, "I/Os": 2000, "time": 0.598555326461792}}