{"0": {"Input": 2000, "Output": 1, "I/Os": 2001, "time": 1.3935472965240479}, "1": {"Input": 2000, "Output": 1, "I/Os": 2001, "time": 1.3470385074615479}, "2": {"Input": 2000, "Output": 0, "I/Os": 2000, "time": 1.3735382556915283}, "3": {"Input": 2000, "Output": 0, "I/Os": 2000, "time": 1.4413251876831055}, "4": {"Input": 2000, "Output": 0, "I/Os": 2000, "time": 1.436370849609375}, "5": {"Input": 2000, "Output": 0, "I/Os": 2000, "time": 1.3545420169830322}, "6": {"Input": 2000, "Output": 0, "I/Os": 2000, "time": 1.4628620147705078}, "7": {"Input": 2000, "Output": 0, "I/Os": 2000, "time": 1.4581646919250488}, "8": {"Input": 2000, "Output": 0, "I/Os": 2000, "time": 1.4702696800231934}, "9": {"Input": 2000, "Output": 0, "I/Os": 2000, "time": 1.4696228504180908}}