{"0": {"Input": 3000, "Output": 0, "I/Os": 3000, "time": 0.06582832336425781}, "1": {"Input": 3000, "Output": 1, "I/Os": 3001, "time": 0.10430383682250977}, "2": {"Input": 2998, "Output": 0, "I/Os": 2998, "time": 0.06698966026306152}, "3": {"Input": 3000, "Output": 0, "I/Os": 3000, "time": 0.07078289985656738}, "4": {"Input": 3000, "Output": 0, "I/Os": 3000, "time": 0.06746435165405273}, "5": {"Input": 2999, "Output": 1, "I/Os": 3000, "time": 0.08189177513122559}, "6": {"Input": 2999, "Output": 1, "I/Os": 3000, "time": 0.06793761253356934}, "7": {"Input": 3000, "Output": 0, "I/Os": 3000, "time": 0.06755280494689941}, "8": {"Input": 3000, "Output": 0, "I/Os": 3000, "time": 0.07012057304382324}, "9": {"Input": 3000, "Output": 1, "I/Os": 3001, "time": 0.06850004196166992}}