{
    "0": {
        "Input": 1995036,
        "Output": 2,
        "I/Os": 1995038,
        "time": 11.429801225662231
    },
    "1": {
        "Input": 1995163,
        "Output": 3,
        "I/Os": 1995166,
        "time": 11.489555597305298
    },
    "2": {
        "Input": 1995061,
        "Output": 3,
        "I/Os": 1995064,
        "time": 11.429896831512451
    },
    "3": {
        "Input": 1995118,
        "Output": 2,
        "I/Os": 1995120,
        "time": 11.534236431121826
    },
    "4": {
        "Input": 1995215,
        "Output": 2,
        "I/Os": 1995217,
        "time": 11.758137226104736
    },
    "5": {
        "Input": 1995064,
        "Output": 2,
        "I/Os": 1995066,
        "time": 12.235719919204712
    },
    "6": {
        "Input": 1995030,
        "Output": 3,
        "I/Os": 1995033,
        "time": 12.48283076286316
    },
    "7": {
        "Input": 1994889,
        "Output": 3,
        "I/Os": 1994892,
        "time": 12.201995611190796
    },
    "8": {
        "Input": 1995031,
        "Output": 3,
        "I/Os": 1995034,
        "time": 11.861022233963013
    },
    "9": {
        "Input": 1995100,
        "Output": 3,
        "I/Os": 1995103,
        "time": 11.729820013046265
    }
}