{"0": {"Input": 2000, "Output": 1, "I/Os": 2001, "time": 13.365801095962524}, "1": {"Input": 2000, "Output": 1, "I/Os": 2001, "time": 13.322514057159424}, "2": {"Input": 2000, "Output": 1, "I/Os": 2001, "time": 13.309403896331787}, "3": {"Input": 2000, "Output": 0, "I/Os": 2000, "time": 13.327364444732666}, "4": {"Input": 2000, "Output": 1, "I/Os": 2001, "time": 13.318757772445679}, "5": {"Input": 2000, "Output": 1, "I/Os": 2001, "time": 13.354243993759155}, "6": {"Input": 2000, "Output": 1, "I/Os": 2001, "time": 13.356826782226562}, "7": {"Input": 2000, "Output": 1, "I/Os": 2001, "time": 13.351137399673462}, "8": {"Input": 2000, "Output": 1, "I/Os": 2001, "time": 13.340878963470459}, "9": {"Input": 2000, "Output": 0, "I/Os": 2000, "time": 13.334905624389648}}