{"0": {"Input": 2000, "Output": 0, "I/Os": 2000, "time": 0.23216533660888672}, "1": {"Input": 2000, "Output": 0, "I/Os": 2000, "time": 0.2531130313873291}, "2": {"Input": 2000, "Output": 0, "I/Os": 2000, "time": 0.2060832977294922}, "3": {"Input": 2000, "Output": 0, "I/Os": 2000, "time": 0.20679807662963867}, "4": {"Input": 2000, "Output": 0, "I/Os": 2000, "time": 0.24407720565795898}, "5": {"Input": 2000, "Output": 0, "I/Os": 2000, "time": 0.22840619087219238}, "6": {"Input": 2000, "Output": 0, "I/Os": 2000, "time": 0.23046255111694336}, "7": {"Input": 2000, "Output": 0, "I/Os": 2000, "time": 0.22676801681518555}, "8": {"Input": 2000, "Output": 0, "I/Os": 2000, "time": 0.22318696975708008}, "9": {"Input": 2000, "Output": 0, "I/Os": 2000, "time": 0.22690248489379883}}