{"0": {"Input": 2000, "Output": 0, "I/Os": 2000, "time": 1.4881489276885986}, "1": {"Input": 2000, "Output": 0, "I/Os": 2000, "time": 1.4684827327728271}, "2": {"Input": 2000, "Output": 0, "I/Os": 2000, "time": 1.509660243988037}, "3": {"Input": 2000, "Output": 0, "I/Os": 2000, "time": 1.6093151569366455}, "4": {"Input": 2000, "Output": 0, "I/Os": 2000, "time": 1.6098809242248535}, "5": {"Input": 2000, "Output": 0, "I/Os": 2000, "time": 1.5674948692321777}, "6": {"Input": 2000, "Output": 0, "I/Os": 2000, "time": 1.5882856845855713}, "7": {"Input": 2000, "Output": 0, "I/Os": 2000, "time": 1.6228384971618652}, "8": {"Input": 2000, "Output": 0, "I/Os": 2000, "time": 1.5815770626068115}, "9": {"Input": 2000, "Output": 0, "I/Os": 2000, "time": 1.5541760921478271}}