{
    "0": {
        "Input": 2000,
        "Output": 1,
        "I/Os": 2001,
        "time": 2.3663454055786133
    },
    "1": {
        "Input": 2000,
        "Output": 1,
        "I/Os": 2001,
        "time": 2.332973003387451
    },
    "2": {
        "Input": 2000,
        "Output": 1,
        "I/Os": 2001,
        "time": 2.344316005706787
    },
    "3": {
        "Input": 2000,
        "Output": 1,
        "I/Os": 2001,
        "time": 2.335949420928955
    },
    "4": {
        "Input": 2000,
        "Output": 1,
        "I/Os": 2001,
        "time": 2.299076557159424
    },
    "5": {
        "Input": 2000,
        "Output": 1,
        "I/Os": 2001,
        "time": 2.3461670875549316
    },
    "6": {
        "Input": 2000,
        "Output": 1,
        "I/Os": 2001,
        "time": 2.3325538635253906
    },
    "7": {
        "Input": 2000,
        "Output": 1,
        "I/Os": 2001,
        "time": 2.3121516704559326
    },
    "8": {
        "Input": 2000,
        "Output": 1,
        "I/Os": 2001,
        "time": 2.290928840637207
    },
    "9": {
        "Input": 2000,
        "Output": 1,
        "I/Os": 2001,
        "time": 2.3506805896759033
    }
}