{"0": {"Input": 1990, "Output": 0, "I/Os": 1990, "time": 0.014142990112304688}, "1": {"Input": 1990, "Output": 0, "I/Os": 1990, "time": 0.013516426086425781}, "2": {"Input": 1997, "Output": 0, "I/Os": 1997, "time": 0.013424396514892578}, "3": {"Input": 1996, "Output": 0, "I/Os": 1996, "time": 0.013236761093139648}, "4": {"Input": 1996, "Output": 0, "I/Os": 1996, "time": 0.013911247253417969}, "5": {"Input": 1992, "Output": 0, "I/Os": 1992, "time": 0.015269279479980469}, "6": {"Input": 1996, "Output": 0, "I/Os": 1996, "time": 0.015677213668823242}, "7": {"Input": 1996, "Output": 0, "I/Os": 1996, "time": 0.015083074569702148}, "8": {"Input": 1991, "Output": 0, "I/Os": 1991, "time": 0.01505732536315918}, "9": {"Input": 1994, "Output": 1, "I/Os": 1995, "time": 0.015812397003173828}}