{"0": {"Input": 2000, "Output": 0, "I/Os": 2000, "time": 0.24988198280334473}, "1": {"Input": 2000, "Output": 0, "I/Os": 2000, "time": 0.25562191009521484}, "2": {"Input": 2000, "Output": 0, "I/Os": 2000, "time": 0.2481541633605957}, "3": {"Input": 2000, "Output": 0, "I/Os": 2000, "time": 0.24509000778198242}, "4": {"Input": 2000, "Output": 0, "I/Os": 2000, "time": 0.24318552017211914}, "5": {"Input": 2000, "Output": 0, "I/Os": 2000, "time": 0.2549581527709961}, "6": {"Input": 2000, "Output": 0, "I/Os": 2000, "time": 0.25002264976501465}, "7": {"Input": 2000, "Output": 1, "I/Os": 2001, "time": 0.24711179733276367}, "8": {"Input": 2000, "Output": 0, "I/Os": 2000, "time": 0.2500951290130615}, "9": {"Input": 2000, "Output": 0, "I/Os": 2000, "time": 0.24470949172973633}}