{"0": {"Input": 2010, "Output": 0, "I/Os": 2010, "time": 0.013315677642822266}, "1": {"Input": 2010, "Output": 1, "I/Os": 2011, "time": 0.013076305389404297}, "2": {"Input": 2010, "Output": 0, "I/Os": 2010, "time": 0.013112545013427734}, "3": {"Input": 2010, "Output": 0, "I/Os": 2010, "time": 0.013431787490844727}, "4": {"Input": 2010, "Output": 0, "I/Os": 2010, "time": 0.012705564498901367}, "5": {"Input": 2010, "Output": 0, "I/Os": 2010, "time": 0.013231277465820312}, "6": {"Input": 2010, "Output": 0, "I/Os": 2010, "time": 0.014106273651123047}, "7": {"Input": 2010, "Output": 0, "I/Os": 2010, "time": 0.01529073715209961}, "8": {"Input": 2010, "Output": 0, "I/Os": 2010, "time": 0.013117790222167969}, "9": {"Input": 2010, "Output": 0, "I/Os": 2010, "time": 0.014248847961425781}}