{"0": {"Input": 2000, "Output": 2, "I/Os": 2002, "time": 26.73855996131897}, "1": {"Input": 2000, "Output": 3, "I/Os": 2003, "time": 27.62947988510132}, "2": {"Input": 2000, "Output": 2, "I/Os": 2002, "time": 27.728302717208862}, "3": {"Input": 2000, "Output": 2, "I/Os": 2002, "time": 26.87667441368103}, "4": {"Input": 2000, "Output": 2, "I/Os": 2002, "time": 27.064334630966187}, "5": {"Input": 2000, "Output": 2, "I/Os": 2002, "time": 27.26162886619568}, "6": {"Input": 2000, "Output": 3, "I/Os": 2003, "time": 28.15515446662903}, "7": {"Input": 2000, "Output": 3, "I/Os": 2003, "time": 26.48511552810669}, "8": {"Input": 2000, "Output": 2, "I/Os": 2002, "time": 26.4331157207489}, "9": {"Input": 2000, "Output": 2, "I/Os": 2002, "time": 27.02663016319275}}