{
    "0": {
        "Input": 2000,
        "Output": 1,
        "I/Os": 2001,
        "time": 2.104628801345825
    },
    "1": {
        "Input": 2000,
        "Output": 1,
        "I/Os": 2001,
        "time": 2.082570791244507
    },
    "2": {
        "Input": 2000,
        "Output": 1,
        "I/Os": 2001,
        "time": 2.1696364879608154
    },
    "3": {
        "Input": 2000,
        "Output": 1,
        "I/Os": 2001,
        "time": 2.164215564727783
    },
    "4": {
        "Input": 2000,
        "Output": 1,
        "I/Os": 2001,
        "time": 2.20935320854187
    },
    "5": {
        "Input": 2000,
        "Output": 1,
        "I/Os": 2001,
        "time": 2.145256757736206
    },
    "6": {
        "Input": 2000,
        "Output": 1,
        "I/Os": 2001,
        "time": 2.1471221446990967
    },
    "7": {
        "Input": 2000,
        "Output": 1,
        "I/Os": 2001,
        "time": 2.1270337104797363
    },
    "8": {
        "Input": 2000,
        "Output": 1,
        "I/Os": 2001,
        "time": 2.180021286010742
    },
    "9": {
        "Input": 2000,
        "Output": 1,
        "I/Os": 2001,
        "time": 2.0946059226989746
    }
}