{"0": {"Input": 200, "Output": 0, "I/Os": 200, "time": 0.001787424087524414}, "1": {"Input": 199, "Output": 0, "I/Os": 199, "time": 0.0020384788513183594}, "2": {"Input": 197, "Output": 0, "I/Os": 197, "time": 0.0016293525695800781}, "3": {"Input": 199, "Output": 0, "I/Os": 199, "time": 0.0015106201171875}, "4": {"Input": 200, "Output": 0, "I/Os": 200, "time": 0.0018157958984375}, "5": {"Input": 199, "Output": 0, "I/Os": 199, "time": 0.0015609264373779297}, "6": {"Input": 200, "Output": 0, "I/Os": 200, "time": 0.002293109893798828}, "7": {"Input": 200, "Output": 0, "I/Os": 200, "time": 0.001556396484375}, "8": {"Input": 200, "Output": 0, "I/Os": 200, "time": 0.0017342567443847656}, "9": {"Input": 200, "Output": 0, "I/Os": 200, "time": 0.0015943050384521484}}