{"0": {"Input": 2000, "Output": 1, "I/Os": 2001, "time": 1.5428128242492676}, "1": {"Input": 2000, "Output": 1, "I/Os": 2001, "time": 1.540071725845337}, "2": {"Input": 2000, "Output": 0, "I/Os": 2000, "time": 1.554882287979126}, "3": {"Input": 2000, "Output": 0, "I/Os": 2000, "time": 1.7922511100769043}, "4": {"Input": 2000, "Output": 0, "I/Os": 2000, "time": 1.5568552017211914}, "5": {"Input": 2000, "Output": 0, "I/Os": 2000, "time": 1.5422940254211426}, "6": {"Input": 2000, "Output": 1, "I/Os": 2001, "time": 1.5365777015686035}, "7": {"Input": 2000, "Output": 0, "I/Os": 2000, "time": 1.5604650974273682}, "8": {"Input": 2000, "Output": 1, "I/Os": 2001, "time": 1.5528488159179688}, "9": {"Input": 2000, "Output": 1, "I/Os": 2001, "time": 1.6900904178619385}}