{"0": {"Input": 19948, "Output": 1, "I/Os": 19949, "time": 0.1398012638092041}, "1": {"Input": 19945, "Output": 1, "I/Os": 19946, "time": 0.137664794921875}, "2": {"Input": 19946, "Output": 1, "I/Os": 19947, "time": 0.13422513008117676}, "3": {"Input": 19954, "Output": 1, "I/Os": 19955, "time": 0.13576221466064453}, "4": {"Input": 19953, "Output": 0, "I/Os": 19953, "time": 0.13729310035705566}, "5": {"Input": 19951, "Output": 1, "I/Os": 19952, "time": 0.13885259628295898}, "6": {"Input": 19942, "Output": 0, "I/Os": 19942, "time": 0.16695666313171387}, "7": {"Input": 19940, "Output": 0, "I/Os": 19940, "time": 0.1327059268951416}, "8": {"Input": 19946, "Output": 1, "I/Os": 19947, "time": 0.1552722454071045}, "9": {"Input": 19961, "Output": 1, "I/Os": 19962, "time": 0.13565373420715332}}