{
    "0": {
        "Input": 11997,
        "Output": 1,
        "I/Os": 11998,
        "time": 0.4521458148956299
    },
    "1": {
        "Input": 11994,
        "Output": 1,
        "I/Os": 11995,
        "time": 0.4563436508178711
    },
    "2": {
        "Input": 11995,
        "Output": 1,
        "I/Os": 11996,
        "time": 0.4263327121734619
    },
    "3": {
        "Input": 11997,
        "Output": 1,
        "I/Os": 11998,
        "time": 0.42707037925720215
    },
    "4": {
        "Input": 11995,
        "Output": 1,
        "I/Os": 11996,
        "time": 0.42380619049072266
    },
    "5": {
        "Input": 11994,
        "Output": 1,
        "I/Os": 11995,
        "time": 0.4333200454711914
    },
    "6": {
        "Input": 11992,
        "Output": 1,
        "I/Os": 11993,
        "time": 0.4307522773742676
    },
    "7": {
        "Input": 11994,
        "Output": 1,
        "I/Os": 11995,
        "time": 0.4231746196746826
    },
    "8": {
        "Input": 11994,
        "Output": 1,
        "I/Os": 11995,
        "time": 0.44655728340148926
    },
    "9": {
        "Input": 11996,
        "Output": 1,
        "I/Os": 11997,
        "time": 0.43430042266845703
    }
}