{"2": {"total": 2.3094818592071533, "promedio": 1.1547409296035767, "std": 0.015203716957031826}, "3": {"total": 3.7367029190063477, "promedio": 1.2455676396687825, "std": 0.11061475724946081}, "4": {"total": 4.843393564224243, "promedio": 1.2108483910560608, "std": 0.03985672401311461}, "5": {"total": 6.228894948959351, "promedio": 1.24577898979187, "std": 0.025170239373438322}, "6": {"total": 7.45718240737915, "promedio": 1.2428637345631917, "std": 0.035405578826144826}, "7": {"total": 8.671026945114136, "promedio": 1.238718135016305, "std": 0.013695075350270803}, "8": {"total": 10.030348300933838, "promedio": 1.2537935376167297, "std": 0.03162087768545061}, "9": {"total": 11.572224855422974, "promedio": 1.2858027617136638, "std": 0.09174586189195558}, "10": {"total": 14.580286264419556, "promedio": 1.4580286264419555, "std": 0.13219344896574198}, "11": {"total": 16.43122434616089, "promedio": 1.493747667832808, "std": 0.12099714275691857}, "12": {"total": 17.217178106307983, "promedio": 1.434764842192332, "std": 0.07741597379952322}, "13": {"total": 19.441182374954224, "promedio": 1.495475567304171, "std": 0.1901987069235454}, "14": {"total": 21.220442056655884, "promedio": 1.515745861189706, "std": 0.1083604319485217}, "15": {"total": 22.16006326675415, "promedio": 1.4773375511169433, "std": 0.1357464801922052}, "16": {"total": 20.339852571487427, "promedio": 1.2712407857179642, "std": 0.06052514078783865}, "17": {"total": 22.90742778778076, "promedio": 1.3474957522223978, "std": 0.08637481675607876}, "18": {"total": 24.670539140701294, "promedio": 1.3705855078167386, "std": 0.1310229037740152}, "19": {"total": 24.6577467918396, "promedio": 1.2977761469389264, "std": 0.06909542208945235}, "20": {"total": 25.73461651802063, "promedio": 1.2867308259010315, "std": 0.05189147074987564}, "21": {"total": 26.7364764213562, "promedio": 1.2731655438741047, "std": 0.030377697805556294}, "22": {"total": 27.959083795547485, "promedio": 1.2708674452521584, "std": 0.03103068066513879}, "23": {"total": 28.819719552993774, "promedio": 1.2530312849127727, "std": 0.036291655211105604}, "24": {"total": 30.835847854614258, "promedio": 1.2848269939422607, "std": 0.05309589392139011}, "25": {"total": 31.465334177017212, "promedio": 1.2586133670806885, "std": 0.029136418070498493}}