{
    "2": {
        "Input_sum": 398994,
        "Input_mean": 199497,
        "Input_sted": 8.48528137423857,
        "Output_sum": 2,
        "Output_mean": 1,
        "Output_std": 0.0,
        "I/Os_sum": 398996,
        "I/Os_mean": 199498,
        "I/Os_std": 8.48528137423857,
        "time_sum": 2.6088368892669678,
        "time_mean": 1.3044184446334839,
        "time_std": 0.13290907525474008
    },
    "3": {
        "Input_sum": 598444,
        "Input_mean": 199481.33333333334,
        "Input_sted": 20.231987873991358,
        "Output_sum": 3,
        "Output_mean": 1,
        "Output_std": 0.0,
        "I/Os_sum": 598447,
        "I/Os_mean": 199482.33333333334,
        "I/Os_std": 20.231987873991358,
        "time_sum": 4.162868499755859,
        "time_mean": 1.3876228332519531,
        "time_std": 0.16768945336343602
    },
    "4": {
        "Input_sum": 798053,
        "Input_mean": 199513.25,
        "Input_sted": 16.580611166861935,
        "Output_sum": 4,
        "Output_mean": 1,
        "Output_std": 0.0,
        "I/Os_sum": 798057,
        "I/Os_mean": 199514.25,
        "I/Os_std": 16.580611166861935,
        "time_sum": 5.2011895179748535,
        "time_mean": 1.3002973794937134,
        "time_std": 0.05692322960761048
    },
    "5": {
        "Input_sum": 997577,
        "Input_mean": 199515.4,
        "Input_sted": 13.740451229854134,
        "Output_sum": 5,
        "Output_mean": 1,
        "Output_std": 0.0,
        "I/Os_sum": 997582,
        "I/Os_mean": 199516.4,
        "I/Os_std": 13.740451229854134,
        "time_sum": 7.226282358169556,
        "time_mean": 1.4452564716339111,
        "time_std": 0.0865124650484993
    },
    "6": {
        "Input_sum": 1197015,
        "Input_mean": 199502.5,
        "Input_sted": 27.186393655650615,
        "Output_sum": 6,
        "Output_mean": 1,
        "Output_std": 0.0,
        "I/Os_sum": 1197021,
        "I/Os_mean": 199503.5,
        "I/Os_std": 27.186393655650615,
        "time_sum": 8.882486581802368,
        "time_mean": 1.4804144303003948,
        "time_std": 0.19104787916867794
    },
    "7": {
        "Input_sum": 1396481,
        "Input_mean": 199497.2857142857,
        "Input_sted": 18.052832517496025,
        "Output_sum": 7,
        "Output_mean": 1,
        "Output_std": 0.0,
        "I/Os_sum": 1396488,
        "I/Os_mean": 199498.2857142857,
        "I/Os_std": 18.052832517496025,
        "time_sum": 11.110271215438843,
        "time_mean": 1.587181602205549,
        "time_std": 0.27192038443920624
    },
    "8": {
        "Input_sum": 1596074,
        "Input_mean": 199509.25,
        "Input_sted": 31.693847983480957,
        "Output_sum": 8,
        "Output_mean": 1,
        "Output_std": 0.0,
        "I/Os_sum": 1596082,
        "I/Os_mean": 199510.25,
        "I/Os_std": 31.693847983480957,
        "time_sum": 11.565830707550049,
        "time_mean": 1.445728838443756,
        "time_std": 0.11244533069359741
    },
    "9": {
        "Input_sum": 1795570,
        "Input_mean": 199507.77777777778,
        "Input_sted": 15.278888848487787,
        "Output_sum": 9,
        "Output_mean": 1,
        "Output_std": 0.0,
        "I/Os_sum": 1795579,
        "I/Os_mean": 199508.77777777778,
        "I/Os_std": 15.278888848487787,
        "time_sum": 12.567312002182007,
        "time_mean": 1.3963680002424452,
        "time_std": 0.06418726677133935
    },
    "10": {
        "Input_sum": 1995016,
        "Input_mean": 199501.6,
        "Input_sted": 21.292669578467088,
        "Output_sum": 10,
        "Output_mean": 1,
        "Output_std": 0.0,
        "I/Os_sum": 1995026,
        "I/Os_mean": 199502.6,
        "I/Os_std": 21.292669578467088,
        "time_sum": 14.129913806915283,
        "time_mean": 1.4129913806915284,
        "time_std": 0.041256173786440614
    },
    "11": {
        "Input_sum": 2194619,
        "Input_mean": 199510.81818181818,
        "Input_sted": 18.043382065556234,
        "Output_sum": 11,
        "Output_mean": 1,
        "Output_std": 0.0,
        "I/Os_sum": 2194630,
        "I/Os_mean": 199511.81818181818,
        "I/Os_std": 18.043382065556234,
        "time_sum": 17.528478860855103,
        "time_mean": 1.5934980782595547,
        "time_std": 0.31251588691914445
    },
    "12": {
        "Input_sum": 2394132,
        "Input_mean": 199511,
        "Input_sted": 21.37543194672545,
        "Output_sum": 12,
        "Output_mean": 1,
        "Output_std": 0.0,
        "I/Os_sum": 2394144,
        "I/Os_mean": 199512,
        "I/Os_std": 21.37543194672545,
        "time_sum": 21.446516513824463,
        "time_mean": 1.7872097094853718,
        "time_std": 0.2758422639553297
    },
    "13": {
        "Input_sum": 2593514,
        "Input_mean": 199501.07692307694,
        "Input_sted": 33.50487909360252,
        "Output_sum": 13,
        "Output_mean": 1,
        "Output_std": 0.0,
        "I/Os_sum": 2593527,
        "I/Os_mean": 199502.07692307694,
        "I/Os_std": 33.50487909360252,
        "time_sum": 18.96952176094055,
        "time_mean": 1.4591939816108117,
        "time_std": 0.08563150400993051
    },
    "14": {
        "Input_sum": 2793126,
        "Input_mean": 199509,
        "Input_sted": 12.0511729400407,
        "Output_sum": 14,
        "Output_mean": 1,
        "Output_std": 0.0,
        "I/Os_sum": 2793140,
        "I/Os_mean": 199510,
        "I/Os_std": 12.0511729400407,
        "time_sum": 19.745707511901855,
        "time_mean": 1.4104076794215612,
        "time_std": 0.06614122876391401
    },
    "15": {
        "Input_sum": 2992648,
        "Input_mean": 199509.86666666667,
        "Input_sted": 20.698056039385047,
        "Output_sum": 15,
        "Output_mean": 1,
        "Output_std": 0.0,
        "I/Os_sum": 2992663,
        "I/Os_mean": 199510.86666666667,
        "I/Os_std": 20.698056039385047,
        "time_sum": 21.297969102859497,
        "time_mean": 1.4198646068572998,
        "time_std": 0.07826236951805171
    },
    "16": {
        "Input_sum": 3192061,
        "Input_mean": 199503.8125,
        "Input_sted": 12.967748455302486,
        "Output_sum": 16,
        "Output_mean": 1,
        "Output_std": 0.0,
        "I/Os_sum": 3192077,
        "I/Os_mean": 199504.8125,
        "I/Os_std": 12.967748455302486,
        "time_sum": 21.895331382751465,
        "time_mean": 1.3684582114219666,
        "time_std": 0.03030332394766408
    },
    "17": {
        "Input_sum": 3391698,
        "Input_mean": 199511.64705882352,
        "Input_sted": 21.27775004691106,
        "Output_sum": 17,
        "Output_mean": 1,
        "Output_std": 0.0,
        "I/Os_sum": 3391715,
        "I/Os_mean": 199512.64705882352,
        "I/Os_std": 21.27775004691106,
        "time_sum": 23.327383041381836,
        "time_mean": 1.3721990024342257,
        "time_std": 0.054420223470431336
    },
    "18": {
        "Input_sum": 3591268,
        "Input_mean": 199514.88888888888,
        "Input_sted": 27.867098223508897,
        "Output_sum": 18,
        "Output_mean": 1,
        "Output_std": 0.0,
        "I/Os_sum": 3591286,
        "I/Os_mean": 199515.88888888888,
        "I/Os_std": 27.867098223508897,
        "time_sum": 31.22409152984619,
        "time_mean": 1.7346717516581218,
        "time_std": 0.2911085994092777
    },
    "19": {
        "Input_sum": 3790589,
        "Input_mean": 199504.68421052632,
        "Input_sted": 18.04947715949119,
        "Output_sum": 19,
        "Output_mean": 1,
        "Output_std": 0.0,
        "I/Os_sum": 3790608,
        "I/Os_mean": 199505.68421052632,
        "I/Os_std": 18.04947715949119,
        "time_sum": 38.40135955810547,
        "time_mean": 2.021124187268709,
        "time_std": 0.11588493355730296
    },
    "20": {
        "Input_sum": 3990004,
        "Input_mean": 199500.2,
        "Input_sted": 16.181861190201435,
        "Output_sum": 20,
        "Output_mean": 1,
        "Output_std": 0.0,
        "I/Os_sum": 3990024,
        "I/Os_mean": 199501.2,