{
    "2": {
        "Input_sum": 399013,
        "Input_mean": 199506.5,
        "Input_sted": 28.991378028648448,
        "Output_sum": 2,
        "Output_mean": 1,
        "Output_sted": 0.0,
        "I/Os_sum": 399015,
        "I/Os_mean": 99753.75,
        "I/Os_std": 115184.5553459751,
        "time_sum": 2.2660164833068848,
        "time_mean": 1.1330082416534424,
        "time_std": 0.01889325207567549
    },
    "3": {
        "Input_sum": 598474,
        "Input_mean": 199491.33333333334,
        "Input_sted": 14.0118997046558,
        "Output_sum": 3,
        "Output_mean": 1,
        "Output_sted": 0.0,
        "I/Os_sum": 598477,
        "I/Os_mean": 99746.16666666667,
        "I/Os_std": 109265.35593026121,
        "time_sum": 3.449324607849121,
        "time_mean": 1.1497748692830403,
        "time_std": 0.04070577914474355
    },
    "4": {
        "Input_sum": 798094,
        "Input_mean": 199523.5,
        "Input_sted": 23.558437978779494,
        "Output_sum": 4,
        "Output_mean": 1,
        "Output_sted": 0.0,
        "I/Os_sum": 798098,
        "I/Os_mean": 99762.25,
        "I/Os_std": 106649.2633940807,
        "time_sum": 4.768503189086914,
        "time_mean": 1.1921257972717285,
        "time_std": 0.0597124757971805
    },
    "5": {
        "Input_sum": 997491,
        "Input_mean": 199498.2,
        "Input_sted": 22.398660674245683,
        "Output_sum": 5,
        "Output_mean": 1,
        "Output_sted": 0.0,
        "I/Os_sum": 997496,
        "I/Os_mean": 99749.6,
        "I/Os_std": 105144.25753136603,
        "time_sum": 6.31556248664856,
        "time_mean": 1.2631124973297119,
        "time_std": 0.040998451652415856
    },
    "6": {
        "Input_sum": 1196992,
        "Input_mean": 199498.66666666666,
        "Input_sted": 20.41241452319315,
        "Output_sum": 6,
        "Output_mean": 1,
        "Output_sted": 0.0,
        "I/Os_sum": 1196998,
        "I/Os_mean": 99749.83333333333,
        "I/Os_std": 104184.25945483087,
        "time_sum": 7.929619312286377,
        "time_mean": 1.3216032187143962,
        "time_std": 0.062290097590340376
    },
    "7": {
        "Input_sum": 1396367,
        "Input_mean": 199481,
        "Input_sted": 28.606526061955396,
        "Output_sum": 7,
        "Output_mean": 1,
        "Output_sted": 0.0,
        "I/Os_sum": 1396374,
        "I/Os_mean": 99741,
        "I/Os_std": 103505.09140580031,
        "time_sum": 9.182143449783325,
        "time_mean": 1.311734778540475,
        "time_std": 0.0651257885312784
    },
    "8": {
        "Input_sum": 1596110,
        "Input_mean": 199513.75,
        "Input_sted": 14.849242404917497,
        "Output_sum": 8,
        "Output_mean": 1,
        "Output_sted": 0.0,
        "I/Os_sum": 1596118,
        "I/Os_mean": 99757.375,
        "I/Os_std": 103027.94158018494,
        "time_sum": 9.85424518585205,
        "time_mean": 1.2317806482315063,
        "time_std": 0.04810280967230189
    },
    "9": {
        "Input_sum": 1795502,
        "Input_mean": 199500.22222222222,
        "Input_sted": 23.56256447088144,
        "Output_sum": 9,
        "Output_mean": 1,
        "Output_sted": 0.0,
        "I/Os_sum": 1795511,
        "I/Os_mean": 99750.61111111111,
        "I/Os_std": 102641.5043171471,
        "time_sum": 10.892643690109253,
        "time_mean": 1.2102937433454726,
        "time_std": 0.02538973733177102
    },
    "10": {
        "Input_sum": 1994963,
        "Input_mean": 199496.3,
        "Input_sted": 18.83289085025923,
        "Output_sum": 10,
        "Output_mean": 1,
        "Output_sted": 0.0,
        "I/Os_sum": 1994973,
        "I/Os_mean": 99748.65,
        "I/Os_std": 102338.93039219445,
        "time_sum": 12.227979183197021,
        "time_mean": 1.2227979183197022,
        "time_std": 0.01759945938880994
    },
    "11": {
        "Input_sum": 2194517,
        "Input_mean": 199501.54545454544,
        "Input_sted": 18.608404748197177,
        "Output_sum": 11,
        "Output_mean": 1,
        "Output_sted": 0.0,
        "I/Os_sum": 2194528,
        "I/Os_mean": 99751.27272727272,
        "I/Os_std": 102097.65993875518,
        "time_sum": 13.180234670639038,
        "time_mean": 1.1982031518762761,
        "time_std": 0.0204600423050561
    },
    "12": {
        "Input_sum": 2394056,
        "Input_mean": 199504.66666666666,
        "Input_sted": 18.072245588361746,
        "Output_sum": 12,
        "Output_mean": 1,
        "Output_sted": 0.0,
        "I/Os_sum": 2394068,
        "I/Os_mean": 99752.83333333333,
        "I/Os_std": 101897.28026266224,
        "time_sum": 14.627954006195068,
        "time_mean": 1.2189961671829224,
        "time_std": 0.03842999884163388
    },
    "13": {
        "Input_sum": 2593517,
        "Input_mean": 199501.3076923077,
        "Input_sted": 11.484660896057658,
        "Output_sum": 13,
        "Output_mean": 1,
        "Output_sted": 0.0,
        "I/Os_sum": 2593530,
        "I/Os_mean": 99751.15384615384,
        "I/Os_std": 101725.59650026824,
        "time_sum": 16.864012002944946,
        "time_mean": 1.2972316925342267,
        "time_std": 0.0722386343703319
    },
    "14": {
        "Input_sum": 2792982,
        "Input_mean": 199498.7142857143,
        "Input_sted": 24.16108941579915,
        "Output_sum": 14,
        "Output_mean": 1,
        "Output_sted": 0.0,
        "I/Os_sum": 2792996,
        "I/Os_mean": 99749.85714285714,
        "I/Os_std": 101579.2654596014,
        "time_sum": 17.28965735435486,
        "time_mean": 1.2349755253110613,
        "time_std": 0.04377825650433278
    },
    "15": {
        "Input_sum": 2992680,
        "Input_mean": 199512,
        "Input_sted": 21.6992429097686,
        "Output_sum": 15,
        "Output_mean": 1,
        "Output_sted": 0.0,
        "I/Os_sum": 2992695,
        "I/Os_mean": 99756.5,
        "I/Os_std": 101460.84687335613,
        "time_sum": 18.854501247406006,
        "time_mean": 1.2569667498270671,
        "time_std": 0.079737173606002
    },
    "16": {
        "Input_sum": 3192118,
        "Input_mean": 199507.375,
        "Input_sted": 19.81876215441654,
        "Output_sum": 16,
        "Output_mean": 1,
        "Output_sted": 0.0,
        "I/Os_sum": 3192134,
        "I/Os_mean": 99754.1875,
        "I/Os_std": 101349.34078702095,
        "time_sum": 20.971895933151245,
        "time_mean": 1.3107434958219528,
        "time_std": 0.0735237769008854
    },
    "17": {
        "Input_sum": 3391615,
        "Input_mean": 199506.76470588235,
        "Input_sted": 20.906127725396406,
        "Output_sum": 17,
        "Output_mean": 1,
        "Output_sted": 0.0,
        "I/Os_sum": 3391632,
        "I/Os_mean": 99753.88235294117,
        "I/Os_std": 101253.01092051825,
        "time_sum": 21.20320439338684,
        "time_mean": 1.2472473172580494,
        "time_std": 0.03121273494231067
    },
    "18": {
        "Input_sum": 3591588,
        "Input_mean": 199532.66666666666,
        "Input_sted": 119.34675135429339,
        "Output_sum": 17,
        "Output_mean": 0.9444444444444444,
        "Output_sted": 0.23570226039551584,
        "I/Os_sum": 3591605,
        "I/Os_mean": 99766.80555555556,
        "I/Os_std": 101181.08458171686,
        "time_sum": 22.65963912010193,
        "time_mean": 1.2588688400056627,
        "time_std": 0.045116940024070275
    },
    "19": {
        "Input_sum": 3790391,
        "Input_mean": 199494.26315789475,
        "Input_sted": 20.20957447807339,
        "Output_sum": 19,
        "Output_mean": 1,
        "Output_sted": 0.0,
        "I/Os_sum": 3790410,
        "I/Os_mean": 99747.63157894737,
        "I/Os_std": 101085.57343307219,
        "time_sum": 24.389646291732788,
        "time_mean": 1.2836655943017257,
        "time_std": 0.035626383193598364
    },
    "20": {
        "Input_sum": 3990149,
        "Input_mean": 199507.45,
        "Input_sted": 18.740541473950056,
        "Output_sum": 20,
        "Output_mean": 1,
        "Output_sted": 0.0,