{"2": {"current_dict": 11.06891417503357, "promedio": 5.534457087516785, "std": 0.15026784486983094}, "3": {"current_dict": 16.496243953704834, "promedio": 5.498747984568278, "std": 0.02736451779367617}, "4": {"current_dict": 22.10222339630127, "promedio": 5.525555849075317, "std": 0.12854841606218384}, "5": {"current_dict": 28.488091945648193, "promedio": 5.697618389129639, "std": 0.2275709326011216}, "6": {"current_dict": 32.94721961021423, "promedio": 5.491203268369039, "std": 0.08092702833585498}, "7": {"current_dict": 39.05741000175476, "promedio": 5.57963000025068, "std": 0.15038250978645065}, "8": {"current_dict": 44.57705783843994, "promedio": 5.572132229804993, "std": 0.05659087437559061}, "9": {"current_dict": 49.57820653915405, "promedio": 5.508689615461561, "std": 0.1538002808533347}, "10": {"current_dict": 56.27774953842163, "promedio": 5.627774953842163, "std": 0.1959984219607805}, "11": {"current_dict": 61.60553574562073, "promedio": 5.600503249601885, "std": 0.16449022493201285}, "12": {"current_dict": 67.22172713279724, "promedio": 5.60181059439977, "std": 0.18001929063992586}, "13": {"current_dict": 72.78035855293274, "promedio": 5.598489119456365, "std": 0.10481513491166607}, "14": {"current_dict": 79.26564502716064, "promedio": 5.661831787654331, "std": 0.16646068491904084}, "15": {"current_dict": 85.13761115074158, "promedio": 5.675840743382772, "std": 0.12456554384634602}, "16": {"current_dict": 90.50830888748169, "promedio": 5.656769305467606, "std": 0.1546984672346171}, "17": {"current_dict": 95.25696682929993, "promedio": 5.60335098995882, "std": 0.1470752974438848}, "18": {"current_dict": 102.37397480010986, "promedio": 5.687443044450548, "std": 0.12190349509634087}, "19": {"current_dict": 104.94936490058899, "promedio": 5.523650784241526, "std": 0.0756309554480247}, "20": {"current_dict": 113.67210912704468, "promedio": 5.683605456352234, "std": 0.14914259327747256}, "21": {"current_dict": 119.79200458526611, "promedio": 5.704381170726958, "std": 0.1230463694197126}, "22": {"current_dict": 123.94047117233276, "promedio": 5.63365778056058, "std": 0.07052775408710639}, "23": {"current_dict": 130.35261011123657, "promedio": 5.667504787445068, "std": 0.08985547367977241}, "24": {"current_dict": 137.1251471042633, "promedio": 5.713547796010971, "std": 0.14957108831572966}, "25": {"current_dict": 142.6130759716034, "promedio": 5.704523038864136, "std": 0.13461905074709996}}