{"0": {"2": {"Input_sum": 398982, "Input_mean": 199491, "Input_sted": 14.142135623730951, "Output_sum": 2, "Output_mean": 1, "Output_std": 0.0, "I/Os_sum": 398984, "I/Os_mean": 199492, "I/Os_std": 14.142135623730951, "time_sum": 2.4280359745025635, "time_mean": 1.2140179872512817, "time_std": 0.1144298738188356}}, "1": {"2": {"Input_sum": 399057, "Input_mean": 199528.5, "Input_sted": 2.1213203435596424, "Output_sum": 2, "Output_mean": 1, "Output_std": 0.0, "I/Os_sum": 399059, "I/Os_mean": 199529.5, "I/Os_std": 2.1213203435596424, "time_sum": 2.262014389038086, "time_mean": 1.131007194519043, "time_std": 0.07918179005959874}}}