{
    "2": {
        "Input_sum": 399015,
        "Input_mean": 199507.5,
        "Input_sted": 19.091883092036785,
        "Output_sum": 2,
        "Output_mean": 1,
        "Output_sted": 0.0,
        "I/Os_sum": 399017,
        "I/Os_mean": 99754.25,
        "I/Os_std": 115185.13200749189,
        "time_sum": 2.2928073406219482,
        "time_mean": 1.1464036703109741,
        "time_std": 0.026668334101571177
    },
    "3": {
        "Input_sum": 598486,
        "Input_mean": 199495.33333333334,
        "Input_sted": 18.175074506954115,
        "Output_sum": 3,
        "Output_mean": 1,
        "Output_sted": 0.0,
        "I/Os_sum": 598489,
        "I/Os_mean": 99748.16666666667,
        "I/Os_std": 109267.54706575355,
        "time_sum": 3.4366259574890137,
        "time_mean": 1.1455419858296711,
        "time_std": 0.04104081523646727
    },
    "4": {
        "Input_sum": 798029,
        "Input_mean": 199507.25,
        "Input_sted": 35.302266216207705,
        "Output_sum": 4,
        "Output_mean": 1,
        "Output_sted": 0.0,
        "I/Os_sum": 798033,
        "I/Os_mean": 99754.125,
        "I/Os_std": 106640.57879282096,
        "time_sum": 5.408630609512329,
        "time_mean": 1.3521576523780823,
        "time_std": 0.24980658358763835
    },
    "5": {
        "Input_sum": 997472,
        "Input_mean": 199494.4,
        "Input_sted": 17.952715672009067,
        "Output_sum": 5,
        "Output_mean": 1,
        "Output_sted": 0.0,
        "I/Os_sum": 997477,
        "I/Os_mean": 99747.7,
        "I/Os_std": 105142.25437636595,
        "time_sum": 6.003676176071167,
        "time_mean": 1.2007352352142333,
        "time_std": 0.06450912143443749
    },
    "6": {
        "Input_sum": 1197015,
        "Input_mean": 199502.5,
        "Input_sted": 18.844097219023258,
        "Output_sum": 6,
        "Output_mean": 1,
        "Output_sted": 0.0,
        "I/Os_sum": 1197021,
        "I/Os_mean": 99751.75,
        "I/Os_std": 104186.26121355488,
        "time_sum": 7.949198961257935,
        "time_mean": 1.324866493542989,
        "time_std": 0.12185174480824316
    },
    "7": {
        "Input_sum": 1396502,
        "Input_mean": 199500.2857142857,
        "Input_sted": 25.236972122359724,
        "Output_sum": 7,
        "Output_mean": 1,
        "Output_sted": 0.0,
        "I/Os_sum": 1396509,
        "I/Os_mean": 99750.64285714286,
        "I/Os_std": 103515.09786693484,
        "time_sum": 8.506177425384521,
        "time_mean": 1.2151682036263602,
        "time_std": 0.039045792645776685
    },
    "8": {
        "Input_sum": 1596072,
        "Input_mean": 199509,
        "Input_sted": 23.476431950849285,
        "Output_sum": 8,
        "Output_mean": 1,
        "Output_sted": 0.0,
        "I/Os_sum": 1596080,
        "I/Os_mean": 99755,
        "I/Os_std": 103025.48943958804,
        "time_sum": 9.616647243499756,
        "time_mean": 1.2020809054374695,
        "time_std": 0.012030037050529508
    },
    "9": {
        "Input_sum": 1795555,
        "Input_mean": 199506.11111111112,
        "Input_sted": 14.970341048590413,
        "Output_sum": 9,
        "Output_mean": 1,
        "Output_sted": 0.0,
        "I/Os_sum": 1795564,
        "I/Os_mean": 99753.55555555556,
        "I/Os_std": 102644.53336649812,
        "time_sum": 11.394675254821777,
        "time_mean": 1.266075028313531,
        "time_std": 0.12332659514632158
    },
    "10": {
        "Input_sum": 1995097,
        "Input_mean": 199509.7,
        "Input_sted": 20.74206675655378,
        "Output_sum": 10,
        "Output_mean": 1,
        "Output_sted": 0.0,
        "I/Os_sum": 1995107,
        "I/Os_mean": 99755.35,
        "I/Os_std": 102345.80462194412,
        "time_sum": 11.952659130096436,
        "time_mean": 1.1952659130096435,
        "time_std": 0.03387065818032145
    },
    "11": {
        "Input_sum": 2194584,
        "Input_mean": 199507.63636363635,
        "Input_sted": 14.058966727841185,
        "Output_sum": 11,
        "Output_mean": 1,
        "Output_sted": 0.0,
        "I/Os_sum": 2194595,
        "I/Os_mean": 99754.31818181818,
        "I/Os_std": 102100.77671426327,
        "time_sum": 13.112352848052979,
        "time_mean": 1.1920320770957253,
        "time_std": 0.03145394918859493
    },
    "12": {
        "Input_sum": 2393940,
        "Input_mean": 199495,
        "Input_sted": 8.224133002108102,
        "Output_sum": 12,
        "Output_mean": 1,
        "Output_sted": 0.0,
        "I/Os_sum": 2393952,
        "I/Os_mean": 99748,
        "I/Os_std": 101892.34236704679,
        "time_sum": 14.49888277053833,
        "time_mean": 1.208240230878194,
        "time_std": 0.04009659104325968
    },
    "13": {
        "Input_sum": 2593588,
        "Input_mean": 199506.76923076922,
        "Input_sted": 20.797250804508778,
        "Output_sum": 13,
        "Output_mean": 1,
        "Output_sted": 0.0,
        "I/Os_sum": 2593601,
        "I/Os_mean": 99753.88461538461,
        "I/Os_std": 101728.38205862783,
        "time_sum": 17.183289051055908,
        "time_mean": 1.3217914654658391,
        "time_std": 0.1434808039697392
    },
    "14": {
        "Input_sum": 2793187,
        "Input_mean": 199513.35714285713,
        "Input_sted": 17.39410661847699,
        "Output_sum": 14,
        "Output_mean": 1,
        "Output_sted": 0.0,
        "I/Os_sum": 2793201,
        "I/Os_mean": 99757.17857142857,
        "I/Os_std": 101586.7205710192,
        "time_sum": 17.071967363357544,
        "time_mean": 1.2194262402398246,
        "time_std": 0.05687543512286364
    },
    "15": {
        "Input_sum": 2992645,
        "Input_mean": 199509.66666666666,
        "Input_sted": 22.121956341629293,
        "Output_sum": 15,
        "Output_mean": 1,
        "Output_sted": 0.0,
        "I/Os_sum": 2992660,
        "I/Os_mean": 99755.33333333333,
        "I/Os_std": 101459.66030630727,
        "time_sum": 17.893710613250732,
        "time_mean": 1.1929140408833823,
        "time_std": 0.02441651250280395
    },
    "16": {
        "Input_sum": 3192097,
        "Input_mean": 199506.0625,
        "Input_sted": 17.09373666970839,
        "Output_sum": 16,
        "Output_mean": 1,
        "Output_sted": 0.0,
        "I/Os_sum": 3192113,
        "I/Os_mean": 99753.53125,
        "I/Os_std": 101348.67379624194,
        "time_sum": 18.900005102157593,
        "time_mean": 1.1812503188848495,
        "time_std": 0.018125961095952443
    },
    "17": {
        "Input_sum": 3391465,
        "Input_mean": 199497.9411764706,
        "Input_sted": 26.85021086564148,
        "Output_sum": 17,
        "Output_mean": 1,
        "Output_sted": 0.0,
        "I/Os_sum": 3391482,
        "I/Os_mean": 99749.4705882353,
        "I/Os_std": 101248.53348948732,
        "time_sum": 20.0878803730011,
        "time_mean": 1.181640021941241,
        "time_std": 0.029743020887387343
    },
    "18": {
        "Input_sum": 3591125,
        "Input_mean": 199506.94444444444,
        "Input_sted": 25.725867554621136,
        "Output_sum": 18,
        "Output_mean": 1,
        "Output_sted": 0.0,
        "I/Os_sum": 3591143,
        "I/Os_mean": 99753.97222222222,
        "I/Os_std": 101167.98026323381,
        "time_sum": 21.664033889770508,
        "time_mean": 1.2035574383205838,
        "time_std": 0.1376886353888911
    },
    "19": {
        "Input_sum": 3790523,
        "Input_mean": 199501.2105263158,
        "Input_sted": 17.39277930434997,
        "Output_sum": 19,
        "Output_mean": 1,
        "Output_sted": 0.0,
        "I/Os_sum": 3790542,
        "I/Os_mean": 99751.1052631579,
        "I/Os_std": 101089.09349110558,
        "time_sum": 23.525660276412964,
        "time_mean": 1.238192646126998,
        "time_std": 0.07386029179235493
    },
    "20": {
        "Input_sum": 3990001,
        "Input_mean": 199500.05,
        "Input_sted": 17.92227370443946,
        "Output_sum": 20,
        "Output_mean": 1,
        "Output_sted": 0.0,
        "I/Os_sum": 3990021,