{
    "1000000": {
        "0": {
            "Input": 20000,
            "Output": 1,
            "I/Os": 20001,
            "time": 18.687798738479614
        },
        "1": {
            "Input": 20000,
            "Output": 1,
            "I/Os": 20001,
            "time": 18.58696150779724
        },
        "2": {
            "Input": 20000,
            "Output": 1,
            "I/Os": 20001,
            "time": 18.59514021873474
        },
        "3": {
            "Input": 20000,
            "Output": 1,
            "I/Os": 20001,
            "time": 18.285983324050903
        },
        "4": {
            "Input": 20000,
            "Output": 1,
            "I/Os": 20001,
            "time": 18.48897075653076
        },
        "5": {
            "Input": 20000,
            "Output": 1,
            "I/Os": 20001,
            "time": 18.42231249809265
        },
        "6": {
            "Input": 20000,
            "Output": 1,
            "I/Os": 20001,
            "time": 18.30940818786621
        },
        "7": {
            "Input": 20000,
            "Output": 1,
            "I/Os": 20001,
            "time": 18.485589027404785
        },
        "8": {
            "Input": 20000,
            "Output": 1,
            "I/Os": 20001,
            "time": 18.445698499679565
        },
        "9": {
            "Input": 20000,
            "Output": 1,
            "I/Os": 20001,
            "time": 18.32170844078064
        },
        "10": {
            "Input": 20000,
            "Output": 1,
            "I/Os": 20001,
            "time": 18.328296184539795
        },
        "11": {
            "Input": 20000,
            "Output": 1,
            "I/Os": 20001,
            "time": 18.49246597290039
        },
        "12": {
            "Input": 20000,
            "Output": 1,
            "I/Os": 20001,
            "time": 18.31304097175598
        },
        "13": {
            "Input": 20000,
            "Output": 1,
            "I/Os": 20001,
            "time": 18.45587658882141
        }
    },
    "10000000": {
        "0": {
            "Input": 200000,
            "Output": 3,
            "I/Os": 200003,
            "time": 184.47171258926392
        },
        "1": {
            "Input": 200000,
            "Output": 2,
            "I/Os": 200002,
            "time": 185.43216037750244
        },
        "2": {
            "Input": 200000,
            "Output": 2,
            "I/Os": 200002,
            "time": 184.2435450553894
        },
        "3": {
            "Input": 200000,
            "Output": 3,
            "I/Os": 200003,
            "time": 183.45790600776672
        },
        "4": {
            "Input": 200000,
            "Output": 2,
            "I/Os": 200002,
            "time": 184.80678582191467
        },
        "5": {
            "Input": 200000,
            "Output": 2,
            "I/Os": 200002,
            "time": 184.67813897132874
        },
        "6": {
            "Input": 200000,
            "Output": 3,
            "I/Os": 200003,
            "time": 183.00747990608215
        },
        "7": {
            "Input": 200000,
            "Output": 2,
            "I/Os": 200002,
            "time": 187.8000831604004
        },
        "8": {
            "Input": 200000,
            "Output": 2,
            "I/Os": 200002,
            "time": 184.12042760849
        },
        "9": {
            "Input": 200000,
            "Output": 3,
            "I/Os": 200003,
            "time": 185.06970405578613
        },
        "10": {
            "Input": 200000,
            "Output": 3,
            "I/Os": 200003,
            "time": 184.07307982444763
        },
        "11": {
            "Input": 200000,
            "Output": 3,
            "I/Os": 200003,
            "time": 182.833003282547
        },
        "12": {
            "Input": 200000,
            "Output": 3,
            "I/Os": 200003,
            "time": 183.4393172264099
        },
        "13": {
            "Input": 200000,
            "Output": 3,
            "I/Os": 200003,
            "time": 186.6486542224884
        }
    },
    "11200000": {
        "0": {
            "Input": 224000,
            "Output": 3,
            "I/Os": 224003,
            "time": 208.14047145843506
        },
        "1": {
            "Input": 224000,
            "Output": 3,
            "I/Os": 224003,
            "time": 208.1126480102539
        },
        "2": {
            "Input": 224000,
            "Output": 3,
            "I/Os": 224003,
            "time": 208.1611843109131
        },
        "3": {
            "Input": 224000,
            "Output": 3,
            "I/Os": 224003,
            "time": 206.7720057964325
        },
        "4": {
            "Input": 224000,
            "Output": 3,
            "I/Os": 224003,
            "time": 208.41163063049316
        },
        "5": {
            "Input": 224000,
            "Output": 3,
            "I/Os": 224003,
            "time": 210.31031584739685
        },
        "6": {
            "Input": 224000,
            "Output": 3,
            "I/Os": 224003,
            "time": 207.78450989723206
        },
        "7": {
            "Input": 224000,
            "Output": 2,
            "I/Os": 224002,
            "time": 214.60003519058228
        },
        "8": {
            "Input": 224000,
            "Output": 2,
            "I/Os": 224002,
            "time": 203.33571004867554
        },
        "9": {
            "Input": 224000,
            "Output": 3,
            "I/Os": 224003,
            "time": 207.46836495399475
        },
        "10": {
            "Input": 224000,
            "Output": 3,
            "I/Os": 224003,
            "time": 208.25727152824402
        },
        "11": {
            "Input": 224000,
            "Output": 3,
            "I/Os": 224003,
            "time": 208.35633301734924
        },
        "12": {
            "Input": 224000,
            "Output": 3,
            "I/Os": 224003,
            "time": 225.6580526828766
        },
        "13": {
            "Input": 224000,
            "Output": 3,
            "I/Os": 224003,
            "time": 232.07586550712585
        }
    },
    "11500000": {
        "0": {
            "Input": 230000,
            "Output": 3,
            "I/Os": 230003,
            "time": 228.141357421875
        },
        "1": {
            "Input": 230000,
            "Output": 3,
            "I/Os": 230003,
            "time": 221.92572832107544
        },
        "2": {
            "Input": 230000,
            "Output": 3,
            "I/Os": 230003,
            "time": 225.15655279159546
        },
        "3": {
            "Input": 230000,
            "Output": 3,
            "I/Os": 230003,
            "time": 217.55908703804016
        },
        "4": {
            "Input": 230000,
            "Output": 2,
            "I/Os": 230002,
            "time": 216.59104561805725
        },
        "5": {
            "Input": 230000,
            "Output": 2,
            "I/Os": 230002,
            "time": 216.82098817825317
        },
        "6": {
            "Input": 230000,
            "Output": 3,
            "I/Os": 230003,
            "time": 216.97846031188965
        },
        "7": {
            "Input": 230000,
            "Output": 3,
            "I/Os": 230003,
            "time": 216.25824356079102
        },
        "8": {
            "Input": 230000,
            "Output": 3,
            "I/Os": 230003,
            "time": 216.46847486495972
        },
        "9": {
            "Input": 230000,
            "Output": 3,
            "I/Os": 230003,
            "time": 214.64794516563416
        },
        "10": {
            "Input": 230000,
            "Output": 3,
            "I/Os": 230003,
            "time": 216.78616452217102
        },
        "11": {
            "Input": 230000,
            "Output": 3,
            "I/Os": 230003,
            "time": 215.86621260643005
        },