{"2": {"total": 2.665750503540039, "promedio": 1.3328752517700195, "std": 0.14738112292162278}, "3": {"total": 4.096278429031372, "promedio": 1.3654261430104573, "std": 0.04883624402380198}}