{"0": {"2": {"current_dict": 2.3591158390045166, "promedio": 1.1795579195022583, "std": 0.022003520908385425}}, "1": {"2": {"current_dict": 2.8771984577178955, "promedio": 1.4385992288589478, "std": 0.1294547195507872}}, "2": {"2": {"current_dict": 2.8290059566497803, "promedio": 1.4145029783248901, "std": 0.014625799370250447}}}