{"0": {"2": {"current_dict": 2.8915319442749023, "promedio": 1.4457659721374512, "std": 0.06695583224355861}}}