{"10": {"0.1": {"time_mean": 0.00027108192443847656, "time_std": 9.044804032718801e-05, "memory_current_mean": 0, "memory_current_std": 0.0, "memory_peak_mean": 2010.6666666666667, "memory_peak_std": 18.475208614068023}, "0.2": {"time_mean": 0.0004359881083170573, "time_std": 0.0003668069904047623, "memory_current_mean": 0, "memory_current_std": 0.0, "memory_peak_mean": 2000, "memory_peak_std": 0.0}, "0.3": {"time_mean": 0.00018787384033203125, "time_std": 3.400370543113935e-05, "memory_current_mean": 0, "memory_current_std": 0.0, "memory_peak_mean": 2000, "memory_peak_std": 0.0}, "0.4": {"time_mean": 0.00017563501993815103, "time_std": 9.926156995134986e-06, "memory_current_mean": 0, "memory_current_std": 0.0, "memory_peak_mean": 2005.3333333333333, "memory_peak_std": 9.237604307034012}, "0.5": {"time_mean": 0.00021036465962727865, "time_std": 6.145158901921369e-06, "memory_current_mean": 0, "memory_current_std": 0.0, "memory_peak_mean": 2041.3333333333333, "memory_peak_std": 32.08322510804257}, "0.6": {"time_mean": 0.00022800763448079428, "time_std": 2.4715548282094208e-05, "memory_current_mean": 0, "memory_current_std": 0.0, "memory_peak_mean": 2024, "memory_peak_std": 13.856406460551018}, "0.7": {"time_mean": 0.0002319812774658203, "time_std": 3.728564730668869e-05, "memory_current_mean": 0, "memory_current_std": 0.0, "memory_peak_mean": 2084, "memory_peak_std": 20.784609690826528}, "0.8": {"time_mean": 0.0002265771230061849, "time_std": 3.4706353791010786e-05, "memory_current_mean": 0, "memory_current_std": 0.0, "memory_peak_mean": 2068, "memory_peak_std": 20.784609690826528}, "0.9": {"time_mean": 0.0002590020497639974, "time_std": 1.6628449631437596e-05, "memory_current_mean": 0, "memory_current_std": 0.0, "memory_peak_mean": 2084, "memory_peak_std": 20.784609690826528}, "1.0": {"time_mean": 0.00020853678385416666, "time_std": 9.552624512555897e-06, "memory_current_mean": 0, "memory_current_std": 0.0, "memory_peak_mean": 2108, "memory_peak_std": 0.0}}, "25": {"0.1": {"time_mean": 0.0006681283315022787, "time_std": 1.4483478981331403e-05, "memory_current_mean": 149.33333333333334, "memory_current_std": 258.65292059695236, "memory_peak_mean": 5264, "memory_peak_std": 0.0}, "0.2": {"time_mean": 0.0007503032684326172, "time_std": 7.861561169690835e-05, "memory_current_mean": 40, "memory_current_std": 49.95998398718719, "memory_peak_mean": 5280, "memory_peak_std": 48.0}, "0.3": {"time_mean": 0.0006629625956217448, "time_std": 1.1690617038790956e-05, "memory_current_mean": 32, "memory_current_std": 36.66060555964672, "memory_peak_mean": 5270.666666666667, "memory_peak_std": 28.936712552280937}, "0.4": {"time_mean": 0.0008616447448730469, "time_std": 0.00011220805117019186, "memory_current_mean": 40, "memory_current_std": 49.95998398718719, "memory_peak_mean": 5338.666666666667, "memory_peak_std": 29.484459183327974}, "0.5": {"time_mean": 0.0009063084920247396, "time_std": 2.5926673057593443e-05, "memory_current_mean": 40, "memory_current_std": 49.95998398718719, "memory_peak_mean": 5456, "memory_peak_std": 54.11099703387473}, "0.6": {"time_mean": 0.0009262561798095703, "time_std": 4.9790111300915556e-05, "memory_current_mean": 32, "memory_current_std": 36.66060555964672, "memory_peak_mean": 5530.666666666667, "memory_peak_std": 71.5914333795136}, "0.7": {"time_mean": 0.0008617242177327474, "time_std": 0.00010272309049670702, "memory_current_mean": 40, "memory_current_std": 49.95998398718719, "memory_peak_mean": 5616, "memory_peak_std": 18.33030277982336}, "0.8": {"time_mean": 0.0009589195251464844, "time_std": 9.895721021729098e-05, "memory_current_mean": 32, "memory_current_std": 36.66060555964672, "memory_peak_mean": 5642.666666666667, "memory_peak_std": 54.454874284432364}, "0.9": {"time_mean": 0.0009541511535644531, "time_std": 0.00028035591954142546, "memory_current_mean": 40, "memory_current_std": 49.95998398718719, "memory_peak_mean": 5736, "memory_peak_std": 52.306787322488084}, "1.0": {"time_mean": 0.0009307066599527994, "time_std": 5.883015679534981e-05, "memory_current_mean": 32, "memory_current_std": 36.66060555964672, "memory_peak_mean": 5792, "memory_peak_std": 36.66060555964672}}, "50": {"0.1": {"time_mean": 0.0017749468485514324, "time_std": 0.00010900327781854398, "memory_current_mean": 1181.3333333333333, "memory_current_std": 2025.3802935086867, "memory_peak_mean": 11397.333333333334, "memory_peak_std": 1790.1478523667627}, "0.2": {"time_mean": 0.0019528865814208984, "time_std": 0.00018430064594801877, "memory_current_mean": 48, "memory_current_std": 63.49803146555018, "memory_peak_mean": 10413.333333333334, "memory_peak_std": 74.33258594542055}, "0.3": {"time_mean": 0.001650094985961914, "time_std": 7.542736415599906e-05, "memory_current_mean": 40, "memory_current_std": 49.95998398718719, "memory_peak_mean": 10509.333333333334, "memory_peak_std": 24.440403706431148}, "0.4": {"time_mean": 0.002226114273071289, "time_std": 0.0001412772420963084, "memory_current_mean": 40, "memory_current_std": 49.95998398718719, "memory_peak_mean": 10644, "memory_peak_std": 197.3017992822164}, "0.5": {"time_mean": 0.0021904309590657554, "time_std": 6.531117131947122e-05, "memory_current_mean": 32, "memory_current_std": 36.66060555964672, "memory_peak_mean": 10806.666666666666, "memory_peak_std": 92.63548636096932}, "0.6": {"time_mean": 0.0019480387369791667, "time_std": 6.850721847097604e-05, "memory_current_mean": 40, "memory_current_std": 49.95998398718719, "memory_peak_mean": 10934.666666666666, "memory_peak_std": 80.1332224070225}, "0.7": {"time_mean": 0.0023434956868489585, "time_std": 0.00017419742029740692, "memory_current_mean": 40, "memory_current_std": 49.95998398718719, "memory_peak_mean": 10994.666666666666, "memory_peak_std": 109.20317455703078}, "0.8": {"time_mean": 0.002164443333943685, "time_std": 0.00019558613074184032, "memory_current_mean": 40, "memory_current_std": 49.95998398718719, "memory_peak_mean": 11284, "memory_peak_std": 89.08422980528034}, "0.9": {"time_mean": 0.0023126602172851562, "time_std": 0.0004029259173800535, "memory_current_mean": 32, "memory_current_std": 36.66060555964672, "memory_peak_mean": 11340, "memory_peak_std": 94.06380813043877}, "1.0": {"time_mean": 0.002736330032348633, "time_std": 0.00026683576878035474, "memory_current_mean": 32, "memory_current_std": 36.66060555964672, "memory_peak_mean": 11620, "memory_peak_std": 86.53323061113575}}, "100": {"0.1": {"time_mean": 0.0041666825612386065, "time_std": 0.0008900471266585083, "memory_current_mean": 2829.3333333333335, "memory_current_std": 993.4290781597513, "memory_peak_mean": 25464, "memory_peak_std": 1198.6392284586718}, "0.2": {"time_mean": 0.004566351572672526, "time_std": 0.00014228582966140354, "memory_current_mean": 2376, "memory_current_std": 181.196026446498, "memory_peak_mean": 24841.333333333332, "memory_peak_std": 60.17751518078271}, "0.3": {"time_mean": 0.004814863204956055, "time_std": 0.00034488638145369765, "memory_current_mean": 2424, "memory_current_std": 96.0, "memory_peak_mean": 24897.333333333332, "memory_peak_std": 136.84053980211175}, "0.4": {"time_mean": 0.005505800247192383, "time_std": 0.0002761612806668622, "memory_current_mean": 2408, "memory_current_std": 396.06060142357, "memory_peak_mean": 25112, "memory_peak_std": 378.2274448000832}, "0.5": {"time_mean": 0.005906820297241211, "time_std": 0.00044104054037720107, "memory_current_mean": 2432, "memory_current_std": 204.11761315476917, "memory_peak_mean": 25313.333333333332, "memory_peak_std": 34.94757979221642}, "0.6": {"time_mean": 0.00693360964457194, "time_std": 0.0002961939300845707, "memory_current_mean": 2144, "memory_current_std": 293.28484447717375, "memory_peak_mean": 25280, "memory_peak_std": 60.0}, "0.7": {"time_mean": 0.007062276204427083, "time_std": 0.0003670965117097969, "memory_current_mean": 1768, "memory_current_std": 159.79987484350542, "memory_peak_mean": 25260, "memory_peak_std": 54.11099703387473}, "0.8": {"time_mean": 0.007013638814290364,