{"10": {"0.1": {"time_mean": 0.00016148885091145834, "time_std": 2.4668355168337362e-05, "memory_current_mean": 4608, "memory_current_std": 7918.945384329911, "memory_peak_mean": 6556, "memory_peak_std": 7801.207086086101}, "0.2": {"time_mean": 0.00022308031717936197, "time_std": 2.018735786623449e-05, "memory_current_mean": 480, "memory_current_std": 472.81285938519056, "memory_peak_mean": 2356.3333333333335, "memory_peak_std": 328.56709106867856}, "0.3": {"time_mean": 0.00022395451863606772, "time_std": 3.9340028847354016e-05, "memory_current_mean": 40, "memory_current_std": 49.95998398718719, "memory_peak_mean": 2056, "memory_peak_std": 34.87119154832539}, "0.4": {"time_mean": 0.0002028942108154297, "time_std": 1.2098421532025599e-05, "memory_current_mean": 32, "memory_current_std": 36.66060555964672, "memory_peak_mean": 2050.6666666666665, "memory_peak_std": 46.875722216658524}, "0.5": {"time_mean": 0.00021942456563313803, "time_std": 2.8106439470607727e-05, "memory_current_mean": 40, "memory_current_std": 49.95998398718719, "memory_peak_mean": 2074.6666666666665, "memory_peak_std": 85.54141297250901}, "0.6": {"time_mean": 0.0002644062042236328, "time_std": 2.662186594430515e-05, "memory_current_mean": 40, "memory_current_std": 49.95998398718719, "memory_peak_mean": 2048, "memory_peak_std": 42.33202097703345}, "0.7": {"time_mean": 0.00020575523376464844, "time_std": 4.6800540761241794e-05, "memory_current_mean": 32, "memory_current_std": 36.66060555964672, "memory_peak_mean": 2070.6666666666665, "memory_peak_std": 33.30665599145813}, "0.8": {"time_mean": 0.0001866022745768229, "time_std": 1.1464769173972716e-05, "memory_current_mean": 40, "memory_current_std": 49.95998398718719, "memory_peak_mean": 2074.6666666666665, "memory_peak_std": 57.45723047044065}, "0.9": {"time_mean": 0.00024517377217610675, "time_std": 2.164406529832614e-05, "memory_current_mean": 40, "memory_current_std": 49.95998398718719, "memory_peak_mean": 2138.6666666666665, "memory_peak_std": 62.26823695378996}, "1.0": {"time_mean": 0.00024660428365071613, "time_std": 3.880758285573239e-05, "memory_current_mean": 40, "memory_current_std": 49.95998398718719, "memory_peak_mean": 2148, "memory_peak_std": 49.95998398718719}}, "20": {"0.1": {"time_mean": 0.00045911471048990887, "time_std": 6.240937436113946e-05, "memory_current_mean": 581.3333333333334, "memory_current_std": 634.593833355898, "memory_peak_mean": 4320, "memory_peak_std": 706.7220104114489}, "0.2": {"time_mean": 0.00045045216878255207, "time_std": 3.054209310627132e-05, "memory_current_mean": 40, "memory_current_std": 49.95998398718719, "memory_peak_mean": 3973.3333333333335, "memory_peak_std": 61.10100926607787}, "0.3": {"time_mean": 0.0006474653879801432, "time_std": 2.2563435180035942e-05, "memory_current_mean": 40, "memory_current_std": 49.95998398718719, "memory_peak_mean": 3933.3333333333335, "memory_peak_std": 53.26662494783515}, "0.4": {"time_mean": 0.0006310145060221354, "time_std": 2.849110333312182e-05, "memory_current_mean": 40, "memory_current_std": 49.95998398718719, "memory_peak_mean": 3988, "memory_peak_std": 100.9554357129917}, "0.5": {"time_mean": 0.0005041758219401041, "time_std": 6.017664784892942e-05, "memory_current_mean": 32, "memory_current_std": 36.66060555964672, "memory_peak_mean": 4032, "memory_peak_std": 100.9554357129917}, "0.6": {"time_mean": 0.0005856355031331381, "time_std": 2.6892023400136452e-05, "memory_current_mean": 32, "memory_current_std": 36.66060555964672, "memory_peak_mean": 4060, "memory_peak_std": 28.0}, "0.7": {"time_mean": 0.0005130767822265625, "time_std": 7.647998300717088e-06, "memory_current_mean": 32, "memory_current_std": 36.66060555964672, "memory_peak_mean": 4109.333333333333, "memory_peak_std": 70.46512139586034}, "0.8": {"time_mean": 0.0006646315256754557, "time_std": 0.00012018149033784046, "memory_current_mean": 40, "memory_current_std": 49.95998398718719, "memory_peak_mean": 4198.666666666667, "memory_peak_std": 50.64911976859354}, "0.9": {"time_mean": 0.0007023016611735026, "time_std": 1.0461478342631234e-05, "memory_current_mean": 40, "memory_current_std": 49.95998398718719, "memory_peak_mean": 4260, "memory_peak_std": 93.03762679690406}, "1.0": {"time_mean": 0.0005972385406494141, "time_std": 9.540944366145658e-05, "memory_current_mean": 32, "memory_current_std": 36.66060555964672, "memory_peak_mean": 4329.333333333333, "memory_peak_std": 39.46306289852998}}}