{"10": {"0.1": {"time_mean": 0.0001811981201171875, "time_std": 4.812099701931306e-05, "memory_current_mean": 0, "memory_current_std": 0.0, "memory_peak_mean": 2021.3333333333333, "memory_peak_std": 18.475208614068023}, "0.2": {"time_mean": 0.00016959508260091147, "time_std": 6.668620648637827e-06, "memory_current_mean": 0, "memory_current_std": 0.0, "memory_peak_mean": 2010.6666666666667, "memory_peak_std": 18.475208614068023}, "0.3": {"time_mean": 0.00016927719116210938, "time_std": 9.853352699170983e-06, "memory_current_mean": 0, "memory_current_std": 0.0, "memory_peak_mean": 2013.3333333333333, "memory_peak_std": 16.653327995729065}, "0.4": {"time_mean": 0.0001808007558186849, "time_std": 2.0070162277718948e-05, "memory_current_mean": 8, "memory_current_std": 13.856406460551018, "memory_peak_mean": 2018.6666666666667, "memory_peak_std": 16.653327995729065}, "0.5": {"time_mean": 0.00028228759765625, "time_std": 0.0001169838605150134, "memory_current_mean": 189.33333333333334, "memory_current_std": 226.88616822832836, "memory_peak_mean": 2181.3333333333335, "memory_peak_std": 213.2166347481672}, "0.6": {"time_mean": 0.00028936068216959637, "time_std": 5.686787083789384e-05, "memory_current_mean": 48, "memory_current_std": 63.49803146555018, "memory_peak_mean": 2096, "memory_peak_std": 84.0}, "0.7": {"time_mean": 0.00025765101114908856, "time_std": 3.7151500658325586e-05, "memory_current_mean": 32, "memory_current_std": 36.66060555964672, "memory_peak_mean": 2088, "memory_peak_std": 38.57460304397182}, "0.8": {"time_mean": 0.00028196970621744793, "time_std": 2.2998846934272716e-05, "memory_current_mean": 32, "memory_current_std": 36.66060555964672, "memory_peak_mean": 2094.6666666666665, "memory_peak_std": 54.60158727851539}, "0.9": {"time_mean": 0.00026790301005045575, "time_std": 2.1159341075610336e-05, "memory_current_mean": 40, "memory_current_std": 49.95998398718719, "memory_peak_mean": 2117.3333333333335, "memory_peak_std": 78.2133833389998}, "1.0": {"time_mean": 0.0002657572428385417, "time_std": 2.7869829980112324e-05, "memory_current_mean": 40, "memory_current_std": 49.95998398718719, "memory_peak_mean": 2148, "memory_peak_std": 49.95998398718719}}, "20": {"0.1": {"time_mean": 0.00048279762268066406, "time_std": 5.8337572203644514e-05, "memory_current_mean": 432, "memory_current_std": 727.5603067787576, "memory_peak_mean": 4328, "memory_peak_std": 727.5603067787576}, "0.2": {"time_mean": 0.00047135353088378906, "time_std": 3.454108450048289e-05, "memory_current_mean": 181.33333333333334, "memory_current_std": 293.5393216135333, "memory_peak_mean": 3988, "memory_peak_std": 132.6046756340062}, "0.3": {"time_mean": 0.0004630883534749349, "time_std": 5.7978542285564834e-05, "memory_current_mean": 40, "memory_current_std": 49.95998398718719, "memory_peak_mean": 3962.6666666666665, "memory_peak_std": 92.72180613713978}, "0.4": {"time_mean": 0.0006656646728515625, "time_std": 3.0449515678227783e-05, "memory_current_mean": 40, "memory_current_std": 49.95998398718719, "memory_peak_mean": 4018.6666666666665, "memory_peak_std": 19.73153144926499}, "0.5": {"time_mean": 0.0007781187693277994, "time_std": 0.00019836043696513933, "memory_current_mean": 40, "memory_current_std": 49.95998398718719, "memory_peak_mean": 4084, "memory_peak_std": 54.11099703387473}, "0.6": {"time_mean": 0.0005404949188232422, "time_std": 1.4382392055373833e-05, "memory_current_mean": 32, "memory_current_std": 36.66060555964672, "memory_peak_mean": 4097.333333333333, "memory_peak_std": 150.1643544032116}, "0.7": {"time_mean": 0.0005035400390625, "time_std": 2.8109135919932354e-06, "memory_current_mean": 40, "memory_current_std": 49.95998398718719, "memory_peak_mean": 4130.666666666667, "memory_peak_std": 12.858201014657274}, "0.8": {"time_mean": 0.0005701382954915365, "time_std": 0.00010500716803354818, "memory_current_mean": 40, "memory_current_std": 49.95998398718719, "memory_peak_mean": 4161.333333333333, "memory_peak_std": 51.432804058629095}, "0.9": {"time_mean": 0.0007266203562418619, "time_std": 0.0001743531665995301, "memory_current_mean": 40, "memory_current_std": 49.95998398718719, "memory_peak_mean": 4237.333333333333, "memory_peak_std": 16.165807537309522}, "1.0": {"time_mean": 0.0007023811340332031, "time_std": 0.0001606097339379398, "memory_current_mean": 40, "memory_current_std": 49.95998398718719, "memory_peak_mean": 4326.666666666667, "memory_peak_std": 36.95041722813605}}}