{"0.1": {"time_mean": 0.0015763502854567308, "time_std": 0.00016485753919589626}, "0.2": {"time_mean": 0.0018285788022554838, "time_std": 8.149108961129282e-05}, "0.3": {"time_mean": 0.0019799134670159756, "time_std": 6.260137612204381e-05}, "0.4": {"time_mean": 0.0021007366669483674, "time_std": 0.0002942141734468045}, "0.5": {"time_mean": 0.002495282735580053, "time_std": 0.0009281578792237869}, "0.6": {"time_mean": 0.0022771419622959234, "time_std": 0.00011628584612435643}, "0.7": {"time_mean": 0.002413321764041216, "time_std": 8.93949587547306e-05}, "0.8": {"time_mean": 0.0025282028393867687, "time_std": 9.048536397869842e-05}, "0.9": {"time_mean": 0.002627846522208972, "time_std": 0.00011236299205648655}, "1.0": {"time_mean": 0.0028627591255383613, "time_std": 0.00020204092594814396}}