{"0.1": {"time_mean": 0.002070173239096617, "time_std": 0.001235316239989015}, "0.2": {"time_mean": 0.002076903978983561, "time_std": 0.00039505415416911144}, "0.3": {"time_mean": 0.0021968774306468475, "time_std": 0.00038661446262877537}, "0.4": {"time_mean": 0.002219857313694098, "time_std": 0.00016553013744154116}, "0.5": {"time_mean": 0.0025068338100726786, "time_std": 0.000714506420322315}, "0.6": {"time_mean": 0.003059206864772699, "time_std": 0.0009096789937586161}, "0.7": {"time_mean": 0.0026233807588234926, "time_std": 0.0002466282465709048}, "0.8": {"time_mean": 0.0028848189574021557, "time_std": 0.0005796555774687627}, "0.9": {"time_mean": 0.003183786685650165, "time_std": 0.001646903942208917}, "1.0": {"time_mean": 0.0034308678064590846, "time_std": 0.00145506462893593}}