{
    "0.1": {
        "time_mean": 0.002773428574586526,
        "time_std": 0.00021052085305272927
    },
    "0.2": {
        "time_mean": 0.003081352282793094,
        "time_std": 0.00023545799356022962
    },
    "0.3": {
        "time_mean": 0.0032591697497245595,
        "time_std": 0.0005124996558820078
    },
    "0.4": {
        "time_mean": 0.0035176582825489533,
        "time_std": 0.00041923217065389365
    },
    "0.5": {
        "time_mean": 0.003603033530406463,
        "time_std": 0.00036257239986288756
    },
    "0.6": {
        "time_mean": 0.004367654140178974,
        "time_std": 0.001200921539629489
    },
    "0.7": {
        "time_mean": 0.004453723247234638,
        "time_std": 0.0010644917404696965
    },
    "0.8": {
        "time_mean": 0.004412039732321715,
        "time_std": 0.0012570145112826016
    },
    "0.9": {
        "time_mean": 0.004714510379693447,
        "time_std": 0.0015089554198301248
    },
    "1.0": {
        "time_mean": 0.004412800837785769,
        "time_std": 0.0004965333642428385
    }
}