{"0.1": {"time_mean": 0.0018949264135116185, "time_std": 0.0004139303631530265}, "0.2": {"time_mean": 0.002137150519933456, "time_std": 0.0004642888409646068}, "0.3": {"time_mean": 0.0022992354172926685, "time_std": 0.0005334930036759792}, "0.4": {"time_mean": 0.0024731709406926082, "time_std": 0.000460353769432591}, "0.5": {"time_mean": 0.002684149986658341, "time_std": 0.0005583552277615256}, "0.6": {"time_mean": 0.0029014104451888646, "time_std": 0.0009387713787578024}, "0.7": {"time_mean": 0.0026171482526339018, "time_std": 0.00018755620743888304}, "0.8": {"time_mean": 0.0028118017392280772, "time_std": 0.0006535828778155464}, "0.9": {"time_mean": 0.0028897523880004883, "time_std": 0.00032182919200123315}, "1.0": {"time_mean": 0.0033091367819370367, "time_std": 0.0006579168447215404}}