{
    "0.1": {
        "time_mean": 0.0016919313332973383,
        "time_std": 0.00018225578982834304
    },
    "0.2": {
        "time_mean": 0.002122631439795861,
        "time_std": 0.00038131209489387593
    },
    "0.3": {
        "time_mean": 0.002356871580466246,
        "time_std": 0.0004910966481460068
    },
    "0.4": {
        "time_mean": 0.002785349503541604,
        "time_std": 0.0008355487649599394
    },
    "0.5": {
        "time_mean": 0.0031527066842103615,
        "time_std": 0.001260140091859562
    },
    "0.6": {
        "time_mean": 0.0030788274911733773,
        "time_std": 0.001036614106696624
    },
    "0.7": {
        "time_mean": 0.0033643367962959483,
        "time_std": 0.0020659017492730075
    },
    "0.8": {
        "time_mean": 0.0031177019461607323,
        "time_std": 0.0009135599773956732
    },
    "0.9": {
        "time_mean": 0.003588251578502166,
        "time_std": 0.0010426040011455
    },
    "1.0": {
        "time_mean": 0.0035941234001746545,
        "time_std": 0.0008363619032591582
    }
}