{"0.1": {"time_mean": 0.002546374614422138, "time_std": 0.00020021102006404182}, "0.2": {"time_mean": 0.002843468617170285, "time_std": 0.00030772664675743995}, "0.3": {"time_mean": 0.0036742350994012295, "time_std": 0.0012015942559451109}, "0.4": {"time_mean": 0.003081361452738444, "time_std": 0.00021058624638166924}, "0.5": {"time_mean": 0.0033747630241589667, "time_std": 0.0009203610385904509}, "0.6": {"time_mean": 0.0036485011761005107, "time_std": 0.0007088183582571514}, "0.7": {"time_mean": 0.0037196844052045774, "time_std": 0.0007820595593081987}, "0.8": {"time_mean": 0.0038574567207923303, "time_std": 0.0007794866628393153}, "0.9": {"time_mean": 0.0038296778996785483, "time_std": 0.0002646503927558372}, "1.0": {"time_mean": 0.004130993133936173, "time_std": 0.0005195029370805401}}