{"0.1": {"time_mean": 0.08763644634149013, "time_std": 0.0031114586843084832}, "0.2": {"time_mean": 0.10587184857099484, "time_std": 0.005029820224367769}, "0.3": {"time_mean": 0.11846737678234394, "time_std": 0.006408229129900854}, "0.4": {"time_mean": 0.1331166242941832, "time_std": 0.0037832194096254434}, "0.5": {"time_mean": 0.15256127333029723, "time_std": 0.007005750503184312}, "0.6": {"time_mean": 0.1680906430268899, "time_std": 0.009231922874771346}, "0.7": {"time_mean": 0.19097703236799973, "time_std": 0.008266571872954459}, "0.8": {"time_mean": 0.21283025924976054, "time_std": 0.004840434843813583}, "0.9": {"time_mean": 0.23357050846784544, "time_std": 0.008998138450527242}, "1.0": {"time_mean": 0.25866020642794096, "time_std": 0.00465054611521929}}