{"2": {"time_mean": 2.396718049660707e-05, "time_std": 6.251970736064603e-06, "memory_current_mean": 2.1538461538461537, "memory_current_std": 10.982503567738306, "memory_peak_mean": 558.9230769230769, "memory_peak_std": 10.318616484483089}, "12": {"time_mean": 0.00018397661355825572, "time_std": 2.6778457433360142e-05, "memory_current_mean": 0, "memory_current_std": 0.0, "memory_peak_mean": 2322.769230769231, "memory_peak_std": 17.84445615267149}, "22": {"time_mean": 0.0007441410651573768, "time_std": 0.0009973212943392331, "memory_current_mean": 0, "memory_current_std": 0.0, "memory_peak_mean": 4257.846153846154, "memory_peak_std": 4.415357812837439}, "32": {"time_mean": 0.00082855652540158, "time_std": 0.00017690814078731934, "memory_current_mean": 3.076923076923077, "memory_current_std": 3.9691115068546705, "memory_peak_mean": 5629.384615384615, "memory_peak_std": 19.626669453734472}, "42": {"time_mean": 0.0011518826851477989, "time_std": 0.00017853216998643686, "memory_current_mean": 17.23076923076923, "memory_current_std": 47.06787243316417, "memory_peak_mean": 7038.307692307692, "memory_peak_std": 54.260681330605664}, "52": {"time_mean": 0.0015912422767052283, "time_std": 0.0002741560829693852, "memory_current_mean": 101.23076923076923, "memory_current_std": 53.734389504158464, "memory_peak_mean": 9642.923076923076, "memory_peak_std": 55.50129589616666}, "62": {"time_mean": 0.002158666268373147, "time_std": 0.0005570408932662218, "memory_current_mean": 217.84615384615384, "memory_current_std": 81.3740461364395, "memory_peak_mean": 11310.666666666666, "memory_peak_std": 47.33915457161815}, "72": {"time_mean": 0.0027510477946354793, "time_std": 0.00047277644182198715, "memory_current_mean": 248.6153846153846, "memory_current_std": 93.62182520035674, "memory_peak_mean": 12826, "memory_peak_std": 47.07440918375928}, "82": {"time_mean": 0.003959237000881097, "time_std": 0.0016935510684719705, "memory_current_mean": 529.2307692307693, "memory_current_std": 116.43102943538985, "memory_peak_mean": 14757.538461538461, "memory_peak_std": 28.2407234598985}, "92": {"time_mean": 0.003942080033131135, "time_std": 0.0003942138649359374, "memory_current_mean": 1121.8461538461538, "memory_current_std": 127.78597491358504, "memory_peak_mean": 19561.53846153846, "memory_peak_std": 5.4349297638940595}, "102": {"time_mean": 0.0045239833685067985, "time_std": 0.0006490629937727535, "memory_current_mean": 1678.4615384615386, "memory_current_std": 140.5455743221339, "memory_peak_mean": 21801.53846153846, "memory_peak_std": 5.4349297638940595}}