{"0.1": {"time_mean": 0.004386675663483448, "time_std": 0.00021269016360523548}, "0.2": {"time_mean": 0.004679074654212365, "time_std": 0.000192772250508471}, "0.3": {"time_mean": 0.005775916270720653, "time_std": 0.0016402602765101925}, "0.4": {"time_mean": 0.005327875797565167, "time_std": 0.0001611548619179074}, "0.5": {"time_mean": 0.005457746676909618, "time_std": 0.0003031753692333305}, "0.6": {"time_mean": 0.00552213497650929, "time_std": 0.0002164230587826648}, "0.7": {"time_mean": 0.00576938115633451, "time_std": 0.00022215296041407575}, "0.8": {"time_mean": 0.005796997975080442, "time_std": 0.00025474442562942054}, "0.9": {"time_mean": 0.006104154464526054, "time_std": 0.00033707436134099546}, "1.0": {"time_mean": 0.0062975333287165714, "time_std": 0.00021132558503087227}}