{"0.1": {"time_mean": 0.002621326691065079, "time_std": 0.0003198874836913486}, "0.2": {"time_mean": 0.0028846355584951546, "time_std": 0.0005006097136712173}, "0.3": {"time_mean": 0.0035071984315529848, "time_std": 0.0010183350080185567}, "0.4": {"time_mean": 0.0034621220368605396, "time_std": 0.0007153318976272987}, "0.5": {"time_mean": 0.003354800053131886, "time_std": 0.00040351713581452965}, "0.6": {"time_mean": 0.0035375203841771837, "time_std": 0.0006250742137930308}, "0.7": {"time_mean": 0.0037290377494616387, "time_std": 0.0005278562538310716}, "0.8": {"time_mean": 0.004232669487977639, "time_std": 0.0014841022540182194}, "0.9": {"time_mean": 0.003815598976917756, "time_std": 0.0003550641589392582}, "1.0": {"time_mean": 0.004319988764249361, "time_std": 0.0014669603089305034}}