{"0.1": {"time_mean": 0.038963861954517856, "time_std": 0.0013146624118520315}, "0.2": {"time_mean": 0.055303708100930236, "time_std": 0.001434707522700289}, "0.3": {"time_mean": 0.07351886003445356, "time_std": 0.002241129238147203}, "0.4": {"time_mean": 0.09196534829261975, "time_std": 0.0026135843355025237}, "0.5": {"time_mean": 0.1085121845587706, "time_std": 0.005291350056160156}, "0.6": {"time_mean": 0.12925187746683756, "time_std": 0.0034852191987988545}, "0.7": {"time_mean": 0.14559206901452482, "time_std": 0.0032251860337317566}, "0.8": {"time_mean": 0.15253771574069291, "time_std": 0.006068160614069118}, "0.9": {"time_mean": 0.16367695881770208, "time_std": 0.004973890554907525}, "1.0": {"time_mean": 0.1872644088207147, "time_std": 0.0037564083837314504}}