{"2": {"time_mean": 4.1741591233473555e-05, "time_std": 7.180699252976203e-06, "memory_current_mean": 171.69230769230768, "memory_current_std": 21.877420745177858, "memory_peak_mean": 835.7307692307693, "memory_peak_std": 22.069993551984002}, "12": {"time_mean": 0.0002797689193334335, "time_std": 2.3921840544332616e-05, "memory_current_mean": 227.07692307692307, "memory_current_std": 54.696927209431486, "memory_peak_mean": 3862.769230769231, "memory_peak_std": 56.0173599465792}, "22": {"time_mean": 0.0006665511009020683, "time_std": 9.146887885096515e-05, "memory_current_mean": 227.07692307692307, "memory_current_std": 54.696927209431486, "memory_peak_mean": 6778.653846153846, "memory_peak_std": 53.652915900399904}, "32": {"time_mean": 0.001764052953475561, "time_std": 0.0014631547623841768, "memory_current_mean": 225.53846153846155, "memory_current_std": 46.35966416550558, "memory_peak_mean": 9242, "memory_peak_std": 47.90323579884766}, "42": {"time_mean": 0.0016406988486265524, "time_std": 0.00022661703801112352, "memory_current_mean": 204, "memory_current_std": 40.413859009008284, "memory_peak_mean": 11695.692307692309, "memory_peak_std": 55.129497897781896}, "52": {"time_mean": 0.0036617425771859977, "time_std": 0.0031304236173227227, "memory_current_mean": 317.2307692307692, "memory_current_std": 41.88776211955725, "memory_peak_mean": 15375.692307692309, "memory_peak_std": 52.52258122428427}, "62": {"time_mean": 0.003184370505504119, "time_std": 0.0017338092392164344, "memory_current_mean": 485.53846153846155, "memory_current_std": 123.70844135118048, "memory_peak_mean": 18038.23076923077, "memory_peak_std": 130.4605097927515}, "72": {"time_mean": 0.003734775078602326, "time_std": 0.001560532143189926, "memory_current_mean": 462.46153846153845, "memory_current_std": 111.21483022303484, "memory_peak_mean": 20364.615384615383, "memory_peak_std": 117.99222920958039}, "82": {"time_mean": 0.004032715772971129, "time_std": 0.00021118796693119507, "memory_current_mean": 714.1538461538462, "memory_current_std": 122.23639140867742, "memory_peak_mean": 23124, "memory_peak_std": 122.1566207784089}, "92": {"time_mean": 0.0052168950056418395, "time_std": 0.0012105037443382418, "memory_current_mean": 1319.6923076923076, "memory_current_std": 120.86579970554756, "memory_peak_mean": 28752.846153846152, "memory_peak_std": 89.7751378980583}, "102": {"time_mean": 0.006187845499087603, "time_std": 0.0022192538891240357, "memory_current_mean": 1816.923076923077, "memory_current_std": 132.36704214476444, "memory_peak_mean": 31855.69230769231, "memory_peak_std": 105.44183960108785}}