{
    "20": {
        "20": {
            "k_value": 2,
            "m_value": 20,
            "search_time_bf_total": 8.64386558532715e-05,
            "search_time_bf_mean": 1.7287731170654298e-05,
            "search_time_bf_std": 9.486842735194749e-07,
            "search_time_fl_total": 0.02881914082464281,
            "search_time_fl_mean": 0.005763828164928562,
            "search_time_fl_std": 0.00023229625496882603,
            "false_positives_total": 22,
            "false_positives_mean": 4.4,
            "false_positives_std": 1.140175425099138,
            "disk_access_total": 72,
            "disk_access_mean": 14.4,
            "disk_access_std": 1.140175425099138,
            "false_positives_percentage": 30.555555555555557,
            "initial_size_bf_total": 2720,
            "initial_size_bf_mean": 544,
            "initial_size_bf_std": 0.0,
            "size_after_insertion_bf_total": 2720,
            "size_after_insertion_bf_mean": 544,
            "size_after_insertion_bf_std": 0.0
        },
        "30": {
            "k_value": 3,
            "m_value": 30,
            "search_time_bf_total": 7.042884826660156e-05,
            "search_time_bf_mean": 1.4085769653320312e-05,
            "search_time_bf_std": 1.672685179253142e-06,
            "search_time_fl_total": 0.02859330677485966,
            "search_time_fl_mean": 0.005718661354971932,
            "search_time_fl_std": 0.00030958355646548555,
            "false_positives_total": 11,
            "false_positives_mean": 2.2,
            "false_positives_std": 1.0954451150103321,
            "disk_access_total": 61,
            "disk_access_mean": 12.2,
            "disk_access_std": 1.0954451150103321,
            "false_positives_percentage": 18.032786885245905,
            "initial_size_bf_total": 2932,
            "initial_size_bf_mean": 586.4,
            "initial_size_bf_std": 2.1908902300206643,
            "size_after_insertion_bf_total": 2932,
            "size_after_insertion_bf_mean": 586.4,
            "size_after_insertion_bf_std": 2.1908902300206643
        },
        "40": {
            "k_value": 3,
            "m_value": 40,
            "search_time_bf_total": 7.131099700927735e-05,
            "search_time_bf_mean": 1.4262199401855469e-05,
            "search_time_bf_std": 1.609846313379622e-06,
            "search_time_fl_total": 0.02811227425550803,
            "search_time_fl_mean": 0.0056224548511016065,
            "search_time_fl_std": 0.00013014990999319566,
            "false_positives_total": 9,
            "false_positives_mean": 1.8,
            "false_positives_std": 1.7888543819998317,
            "disk_access_total": 59,
            "disk_access_mean": 11.8,
            "disk_access_std": 1.7888543819998317,
            "false_positives_percentage": 15.254237288135592,
            "initial_size_bf_total": 2942,
            "initial_size_bf_mean": 588.4,
            "initial_size_bf_std": 2.1908902300206643,
            "size_after_insertion_bf_total": 2942,
            "size_after_insertion_bf_mean": 588.4,
            "size_after_insertion_bf_std": 2.1908902300206643
        }
    }
}